id,zonaId,municipio,name,lat,lng,status,address,priority,size,confidence,coverage,quality,phone,departamento,source_url,source,categoria,NIT,temperatura,gap_nivel,accion_recomendada,source_agents
caribe_entity_001,atlantico_barranquilla,Barranquilla,Depósito La 40B,10.961860,-74.790652,INACTIVO,"Calle 40B #21B-43, Barranquilla",Alta,Mediana,65,55.5,Media,+573237815583,Atlántico,null,A1,Deposito,950399012-8,59.2,media,Verificar reactivación del establecimiento.,"[""A1"",""A2""]"
caribe_entity_002,atlantico_barranquilla,Barranquilla,Depósito de Materiales La Milagrosa,10.963758,-74.822034,VALIDAR,"Carrera 12 #81-03, Barranquilla",Alta,Grande,48,60.3,Baja,+573157943257,Atlántico,https://mock-ferromap.example/entity/002,A2,Deposito,945446470-1,53.0,media,Validar información del establecimiento.,"[""A1"",""A2"",""A3""]"
caribe_entity_003,atlantico_barranquilla,Barranquilla,Depósito Bocas de Ceniza,10.993658,-74.794263,ACTIVO,"Calle 60 #53-71, Barranquilla",Alta,Grande,88,93.6,Alta,+573119650500,Atlántico,https://mock-ferromap.example/entity/003,A1,Deposito,976011329-6,64.6,media,Realizar seguimiento comercial.,"[""A1"",""A2"",""A3""]"
caribe_entity_004,atlantico_barranquilla,Barranquilla,Ferreeléctricos La Costa,11.001608,-74.823273,ACTIVO,"Calle 87 #44-92, Barranquilla",Alta,Grande,80,82.6,Alta,+573235863980,Atlántico,null,A2,Ferreteria,976082935-3,64.5,media,Realizar seguimiento comercial.,"[""A2"",""A3""]"
caribe_entity_005,atlantico_barranquilla,Barranquilla,Ferreeléctricos Don Julio,10.967890,-74.775567,ACTIVO,"Carrera 30 #19-13, Barranquilla",Alta,Pequeña,77,75.3,Media,+573199822263,Atlántico,https://mock-ferromap.example/entity/005,A3,Ferreteria,959159012-1,75.2,alta,Priorizar activación comercial.,"[""A3""]"
caribe_entity_006,atlantico_barranquilla,Barranquilla,Ferretería La Arenosa,10.952052,-74.811442,ACTIVO,"Carrera 9 #57-36, Barranquilla",Alta,Grande,91,96.0,Alta,+573145998785,Atlántico,https://mock-ferromap.example/entity/006,A3,Ferreteria,956642991-7,42.4,media,Realizar seguimiento comercial.,"[""A3""]"
caribe_entity_007,atlantico_barranquilla,Barranquilla,Ferretería Nueva Era,10.967698,-74.795272,ACTIVO,"Calle 50 #23-26, Barranquilla",Alta,Pequeña,90,90.1,Alta,+573242457352,Atlántico,https://mock-ferromap.example/entity/007,A1,Ferreteria,959046416-8,58.7,media,Realizar seguimiento comercial.,"[""A1"",""A3""]"
caribe_entity_008,atlantico_barranquilla,Barranquilla,Ferreeléctricos Santa Fe,10.965938,-74.805160,VALIDAR,"Calle 63 #19-90, Barranquilla",Alta,Pequeña,64,53.3,Baja,+573057341554,Atlántico,null,A3,Ferreteria,950981753-2,65.0,media,Validar información del establecimiento.,"[""A3""]"
caribe_entity_009,atlantico_barranquilla,Barranquilla,Ferreeléctricos El Constructor Barranquilla,11.011788,-74.815929,VALIDAR,"Carrera 58 #86-56, Barranquilla",Alta,Pequeña,66,64.3,Media,+573197985031,Atlántico,https://mock-ferromap.example/entity/009,A1,Ferreteria,976797177-6,52.0,media,Validar información del establecimiento.,"[""A1"",""A2""]"
caribe_entity_010,atlantico_barranquilla,Barranquilla,Ferretería Del Atlántico,11.015301,-74.816852,ACTIVO,"Carrera 64 #90-71, Barranquilla",Alta,Grande,80,73.4,Media,+573151756449,Atlántico,null,A1,Ferreteria,946874969-3,72.3,alta,Priorizar activación comercial.,"[""A1"",""A2""]"
caribe_entity_011,atlantico_barranquilla,Barranquilla,Ferretería Doña Carmen,10.982110,-74.832512,ACTIVO,"Calle 100 #37-18, Barranquilla",Alta,Mediana,64,56.7,Media,+573009190400,Atlántico,null,A2,Ferreteria,974796667-1,63.0,media,Fortalecer cobertura comercial.,"[""A2""]"
caribe_entity_012,atlantico_barranquilla,Barranquilla,Distribuciones El Refugio,10.955631,-74.819053,ACTIVO,"Carrera 9A #64B-71, Barranquilla",Alta,Grande,97,97.4,Alta,+573058149730,Atlántico,https://mock-ferromap.example/entity/012,A2,Distribuidora,957825695-1,75.1,alta,Evaluar potencial de expansión.,"[""A1"",""A2""]"
caribe_entity_013,atlantico_barranquilla,Barranquilla,Ferretería y Pinturas Caribe,10.997645,-74.798201,INACTIVO,"Carrera 54 #68-13, Barranquilla",Alta,Mediana,67,75,Media,+573203149875,Atlántico,https://mock-ferromap.example/entity/013,A3,Ferreteria,962789600-6,55.3,media,Verificar reactivación del establecimiento.,"[""A3""]"
caribe_entity_014,atlantico_barranquilla,Barranquilla,Depósito y Ferretería De la Hoz y Cía,10.985567,-74.777331,VALIDAR,"Avenida Carrera 46 #34-51, Barranquilla",Alta,Pequeña,77,75,Media,+573003456787,Atlántico,null,A1,Deposito,943062096-3,96.6,alta,Validar información y agendar contacto comercial.,"[""A1"",""A3""]"
caribe_entity_015,atlantico_barranquilla,Barranquilla,Distribuidora Ferretera Hermanos Cassiani,10.992990,-74.827432,ACTIVO,"Carrera 42A 3 #86-04, Barranquilla",Alta,Grande,80,84.7,Alta,+573155661022,Atlántico,null,A3,Distribuidora,951689845-4,77.3,alta,Evaluar potencial de expansión.,"[""A3""]"
caribe_entity_016,atlantico_barranquilla,Barranquilla,Ferreeléctricos Hermanos Julio,10.975778,-74.790918,ACTIVO,"Carrera 33 #48-46, Barranquilla",Alta,Mediana,71,71.6,Media,+573162459453,Atlántico,null,A2,Ferreteria,944381701-3,68.0,media,Fortalecer cobertura comercial.,"[""A2""]"
caribe_entity_017,atlantico_barranquilla,Barranquilla,Depósito San José,10.955234,-74.830304,VALIDAR,"Carrera 9 #99-51, Barranquilla",Alta,Grande,62,62.1,Media,+573510178322,Atlántico,https://mock-ferromap.example/entity/017,A1,Deposito,940317802-2,81.4,alta,Validar información y agendar contacto comercial.,"[""A1""]"
caribe_entity_018,atlantico_barranquilla,Barranquilla,Depósito y Ferretería La 24,10.973118,-74.811917,ACTIVO,"Carrera 24 #72-72, Barranquilla",Alta,Mediana,81,83.0,Alta,+573023397148,Atlántico,null,A1,Deposito,946819677-4,56.8,media,Realizar seguimiento comercial.,"[""A1"",""A2""]"
caribe_entity_019,atlantico_barranquilla,Barranquilla,Distribuciones El Arenal,10.959244,-74.814226,ACTIVO,"Calle 65C #9L-41, Barranquilla",Alta,Mediana,86,98.7,Alta,+573218429085,Atlántico,https://mock-ferromap.example/entity/019,A1,Distribuidora,959253291-1,82.5,alta,Priorizar activación comercial.,"[""A1""]"
caribe_entity_020,atlantico_barranquilla,Barranquilla,Depósito de Materiales Buenos Aires,10.954464,-74.805996,ACTIVO,"Calle 54 #10B-14, Barranquilla",Alta,Pequeña,89,100,Alta,+573147494999,Atlántico,https://mock-ferromap.example/entity/020,A3,Deposito,955960190-4,73.1,alta,Priorizar activación comercial.,"[""A2"",""A3""]"
caribe_entity_021,atlantico_barranquilla,Barranquilla,Ferreeléctricos La Arenosa,10.979650,-74.796653,ACTIVO,"Carrera 35 #55-04, Barranquilla",Alta,Pequeña,79,71.5,Media,+573516327322,Atlántico,https://mock-ferromap.example/entity/021,A2,Ferreteria,966133264-3,65.5,media,Fortalecer cobertura comercial.,"[""A1"",""A2"",""A3""]"
caribe_entity_022,atlantico_barranquilla,Barranquilla,Ferretería Mar Azul Barranquilla,11.021674,-74.820623,ACTIVO,"Calle 98 #71-78, Barranquilla",Alta,Pequeña,72,71.1,Media,+573133468134,Atlántico,null,A3,Ferreteria,949849545-1,63.1,media,Fortalecer cobertura comercial.,"[""A3""]"
caribe_entity_023,atlantico_barranquilla,Barranquilla,Ferrecentro El Progreso,10.991459,-74.794054,INACTIVO,"Carrera 47 #58-08, Barranquilla",Alta,Mediana,64,69.4,Media,+573156470450,Atlántico,null,A1,Ferreteria,966657232-7,60.7,media,Verificar reactivación del establecimiento.,"[""A1"",""A3""]"
caribe_entity_024,atlantico_barranquilla,Barranquilla,Ferretería Los Robles,10.959399,-74.794266,ACTIVO,"Avenida Murillo #20-40, Barranquilla",Alta,Pequeña,97,100,Alta,+573227958925,Atlántico,https://mock-ferromap.example/entity/024,A3,Ferreteria,949194246-1,46.0,media,Realizar seguimiento comercial.,"[""A3""]"
caribe_entity_025,atlantico_barranquilla,Barranquilla,Distribuidora Hermanos Rada,11.009939,-74.795747,ACTIVO,"Carrera 70 #75-13, Barranquilla",Alta,Pequeña,93,85.1,Alta,+573241443613,Atlántico,https://mock-ferromap.example/entity/025,A3,Distribuidora,959616266-6,62.7,media,Realizar seguimiento comercial.,"[""A1"",""A2"",""A3""]"
caribe_entity_026,atlantico_barranquilla,Barranquilla,Ferretería Hermanos Marrugo,10.983995,-74.792253,ACTIVO,"Calle 53 #42-33, Barranquilla",Alta,Mediana,99,100,Alta,+573028162109,Atlántico,https://mock-ferromap.example/entity/026,A2,Ferreteria,942607524-1,67.5,media,Realizar seguimiento comercial.,"[""A1"",""A2""]"
caribe_entity_027,atlantico_barranquilla,Barranquilla,Distribuidora Ferretera La Costa Barranquilla,10.994331,-74.827638,VALIDAR,"Carrera 42B #86-96, Barranquilla",Alta,Grande,46,60.6,Baja,+573107062155,Atlántico,https://mock-ferromap.example/entity/027,A3,Distribuidora,968064498-0,89.7,alta,Validar información y agendar contacto comercial.,"[""A3""]"
caribe_entity_028,atlantico_barranquilla,Barranquilla,Distribuidora El Rosario,10.959179,-74.782346,ACTIVO,"Calle 27B #21B-71, Barranquilla",Alta,Grande,90,90.5,Alta,+573047971224,Atlántico,null,A3,Distribuidora,962088911-3,58.3,media,Realizar seguimiento comercial.,"[""A1"",""A3""]"
caribe_entity_029,atlantico_barranquilla,Barranquilla,Ferreeléctricos El Nivel,11.003354,-74.833017,INACTIVO,"Calle 98 #43-61, Barranquilla",Alta,Mediana,56,43.2,Baja,+573163192736,Atlántico,null,A1,Ferreteria,969292394-4,45.5,media,Verificar reactivación del establecimiento.,"[""A1"",""A3""]"
caribe_entity_030,atlantico_barranquilla,Barranquilla,Ferretería y Pinturas Los Alpes,10.962060,-74.803561,ACTIVO,"Calle 56 #16-86, Barranquilla",Alta,Pequeña,84,97.9,Alta,+573044075795,Atlántico,https://mock-ferromap.example/entity/030,A1,Ferreteria,978582494-1,63.9,media,Realizar seguimiento comercial.,"[""A1""]"
caribe_entity_031,atlantico_barranquilla,Barranquilla,Distribuciones Bocas de Ceniza Barranquilla,10.991419,-74.815903,ACTIVO,"Carrera 42 #78B-89, Barranquilla",Alta,Mediana,71,72.8,Media,+573045792806,Atlántico,null,A2,Distribuidora,954758450-6,66.4,media,Fortalecer cobertura comercial.,"[""A2""]"
caribe_entity_032,atlantico_barranquilla,Barranquilla,Ferretería La Costa,10.954493,-74.787697,ACTIVO,"Calle 31 #17-06, Barranquilla",Alta,Pequeña,99,100,Alta,+573243514353,Atlántico,https://mock-ferromap.example/entity/032,A1,Ferreteria,961661754-7,58.0,media,Realizar seguimiento comercial.,"[""A1"",""A3""]"
caribe_entity_033,atlantico_barranquilla,Barranquilla,Ferrecentro La 75,10.997744,-74.808221,ACTIVO,"Calle 75 #48-25, Barranquilla",Alta,Pequeña,93,99.0,Alta,+573004068637,Atlántico,https://mock-ferromap.example/entity/033,A3,Ferreteria,940226446-2,68.2,media,Realizar seguimiento comercial.,"[""A2"",""A3""]"
caribe_entity_034,atlantico_barranquilla,Barranquilla,Ferrecentro La 31,10.977674,-74.799373,ACTIVO,"Carrera 31 #57-13, Barranquilla",Alta,Pequeña,78,85.7,Alta,+573056372320,Atlántico,https://mock-ferromap.example/entity/034,A1,Ferreteria,950616924-1,59.0,media,Realizar seguimiento comercial.,"[""A1""]"
caribe_entity_035,atlantico_barranquilla,Barranquilla,Materiales La Costa,10.951624,-74.813745,ACTIVO,"Calle 60 #8A-80, Barranquilla",Alta,Mediana,67,75.3,Media,+573186100790,Atlántico,https://mock-ferromap.example/entity/035,A1,Deposito,976647699-6,61.3,media,Realizar seguimiento comercial.,"[""A1"",""A2""]"
caribe_entity_036,atlantico_barranquilla,Barranquilla,Ferretería y Pinturas El Prado Barranquilla,11.009221,-74.796235,ACTIVO,"Carrera 68 #75-54, Barranquilla",Alta,Pequeña,81,85.6,Alta,+573132975897,Atlántico,https://mock-ferromap.example/entity/036,A1,Ferreteria,963262235-1,59.3,media,Realizar seguimiento comercial.,"[""A1"",""A3""]"
caribe_entity_037,atlantico_barranquilla,Barranquilla,Ferretería y Pinturas Del Atlántico,10.987424,-74.805219,ACTIVO,"Carrera 41 #69E-68, Barranquilla",Alta,Pequeña,90,93.9,Alta,+573236267804,Atlántico,https://mock-ferromap.example/entity/037,A3,Ferreteria,953690595-7,88.5,alta,Priorizar activación comercial.,"[""A3""]"
caribe_entity_038,atlantico_barranquilla,Barranquilla,Ferretería Santa Lucía,10.984537,-74.792421,ACTIVO,"Calle 54 #43-06, Barranquilla",Alta,Pequeña,79,79.8,Media,+573019782960,Atlántico,https://mock-ferromap.example/entity/038,A2,Ferreteria,960392287-0,46.9,media,Realizar seguimiento comercial.,"[""A2"",""A3""]"
caribe_entity_039,atlantico_barranquilla,Barranquilla,Ferrecentro Hermanos Pacheco Barranquilla,11.019130,-74.819620,ACTIVO,"Carrera 64C #96-78, Barranquilla",Alta,Pequeña,83,97.3,Alta,+573130527948,Atlántico,https://mock-ferromap.example/entity/039,A1,Ferreteria,955461913-1,51.1,media,Realizar seguimiento comercial.,"[""A1"",""A2""]"
caribe_entity_040,atlantico_barranquilla,Barranquilla,Depósito Hermanos Julio,10.996957,-74.806754,ACTIVO,"Calle 74 #48-54, Barranquilla",Alta,Pequeña,85,91.7,Alta,+573025593002,Atlántico,https://mock-ferromap.example/entity/040,A3,Deposito,966599122-6,84.4,alta,Priorizar activación comercial.,"[""A1"",""A3""]"
caribe_entity_041,atlantico_barranquilla,Barranquilla,Ferretería La Estrella,10.974908,-74.798329,INACTIVO,"Carrera 26 #55-96, Barranquilla",Alta,Mediana,64,59.1,Media,+573103173548,Atlántico,null,A1,Ferreteria,940140496-1,47.3,media,Verificar reactivación del establecimiento.,"[""A1"",""A2""]"
caribe_entity_042,atlantico_barranquilla,Barranquilla,Distribuidora Ferretera La Ceiba,10.958937,-74.807417,ACTIVO,"Carrera 13 #60-35, Barranquilla",Alta,Grande,82,92.9,Alta,+573136364031,Atlántico,https://mock-ferromap.example/entity/042,A3,Distribuidora,943296188-7,96.9,alta,Evaluar potencial de expansión.,"[""A2"",""A3""]"
caribe_entity_043,atlantico_barranquilla,Barranquilla,Distribuidora Ferretera Hermanos Doria,10.971327,-74.816574,ACTIVO,"Carrera 22C #74B-34, Barranquilla",Alta,Mediana,62,49.8,Baja,+573180824300,Atlántico,null,A3,Distribuidora,979611227-9,62.8,media,Fortalecer cobertura comercial.,"[""A3""]"
caribe_entity_044,atlantico_barranquilla,Barranquilla,Materiales La 40,10.979544,-74.779616,ACTIVO,"Carrera 40 #35-56, Barranquilla",Alta,Grande,68,71.1,Media,+573152359209,Atlántico,null,A1,Deposito,971868753-6,65.0,media,Fortalecer cobertura comercial.,"[""A1"",""A2""]"
caribe_entity_045,atlantico_barranquilla,Barranquilla,Depósito de Materiales La Costa Barranquilla,10.960827,-74.799232,ACTIVO,"Avenida de La Cordialidad #18-05, Barranquilla",Alta,Mediana,88,89.7,Alta,+573195054648,Atlántico,https://mock-ferromap.example/entity/045,A2,Deposito,956771690-8,98,alta,Priorizar activación comercial.,"[""A1"",""A2""]"
caribe_entity_046,atlantico_barranquilla,Barranquilla,Ferretería y Pinturas Bocas de Ceniza,11.003437,-74.795643,ACTIVO,"Calle 72 #61B-75, Barranquilla",Alta,Mediana,89,84.4,Alta,+573225761628,Atlántico,null,A2,Ferreteria,967492979-3,93.1,alta,Priorizar activación comercial.,"[""A2"",""A3""]"
caribe_entity_047,atlantico_barranquilla,Barranquilla,Materiales Hermanos Marrugo,11.001274,-74.798655,ACTIVO,"Calle 72 #58-20, Barranquilla",Alta,Pequeña,81,76.0,Media,+573174035518,Atlántico,https://mock-ferromap.example/entity/047,A2,Deposito,971308810-6,80.8,alta,Priorizar activación comercial.,"[""A2"",""A3""]"
caribe_entity_048,atlantico_barranquilla,Barranquilla,Materiales Bocas de Ceniza,10.968438,-74.779105,INACTIVO,"Carrera 30 #28-71, Barranquilla",Alta,Mediana,51,42.4,Baja,+573002807119,Atlántico,null,A3,Deposito,951403146-7,53.1,media,Verificar reactivación del establecimiento.,"[""A1"",""A2"",""A3""]"
caribe_entity_049,atlantico_barranquilla,Barranquilla,Comercializadora El Prado,11.004698,-74.822148,VALIDAR,"Carrera 49C #87-58, Barranquilla",Alta,Mediana,56,59.6,Baja,+573112513742,Atlántico,https://mock-ferromap.example/entity/049,A3,Distribuidora,950867319-1,86.2,alta,Validar información y agendar contacto comercial.,"[""A3""]"
caribe_entity_050,atlantico_barranquilla,Barranquilla,Ferrecentro La Roca,10.971185,-74.814355,ACTIVO,"Carrera 22D #73-76, Barranquilla",Alta,Mediana,78,76.7,Media,+573207013692,Atlántico,https://mock-ferromap.example/entity/050,A3,Ferreteria,958057028-7,64.2,media,Realizar seguimiento comercial.,"[""A2"",""A3""]"
caribe_entity_051,atlantico_barranquilla,Barranquilla,Ferretería El Paisa,10.962707,-74.782872,ACTIVO,"Carrera 24 #29-97, Barranquilla",Alta,Pequeña,87,96.4,Alta,+573159830034,Atlántico,https://mock-ferromap.example/entity/051,A2,Ferreteria,979320411-9,42.6,media,Realizar seguimiento comercial.,"[""A1"",""A2"",""A3""]"
caribe_entity_052,atlantico_barranquilla,Barranquilla,Ferretería Hermanos Villalobos,10.966203,-74.791359,ACTIVO,"Avenida Murillo #23B-91, Barranquilla",Alta,Pequeña,81,90.1,Alta,+573113678485,Atlántico,https://mock-ferromap.example/entity/052,A3,Ferreteria,943525041-7,58.2,media,Realizar seguimiento comercial.,"[""A1"",""A3""]"
caribe_entity_053,atlantico_barranquilla,Barranquilla,Ferretería El Constructor,11.003878,-74.800836,INACTIVO,"Calle 75 #58-88, Barranquilla",Alta,Pequeña,68,53.5,Media,+573124499617,Atlántico,null,A3,Ferreteria,970444639-0,26.5,baja,Validar estado operativo del establecimiento.,"[""A2"",""A3""]"
caribe_entity_054,atlantico_barranquilla,Barranquilla,Ferretería El Bosque,10.985248,-74.803494,INACTIVO,"Calle 68 #39B-74, Barranquilla",Alta,Pequeña,71,68.0,Media,+573166959381,Atlántico,null,A2,Ferreteria,958943045-3,56.1,media,Verificar reactivación del establecimiento.,"[""A2""]"
caribe_entity_055,atlantico_barranquilla,Barranquilla,Ferretería Los Cocos,10.970483,-74.812912,ACTIVO,"Carrera 22C #72B-03, Barranquilla",Alta,Pequeña,94,94.4,Alta,+573132226762,Atlántico,https://mock-ferromap.example/entity/055,A3,Ferreteria,964471699-5,58.5,media,Realizar seguimiento comercial.,"[""A3""]"
caribe_entity_056,atlantico_barranquilla,Barranquilla,Ferretería y Pinturas El Cañaguate,10.989300,-74.792447,ACTIVO,"Avenida Carrera 46 #56-57, Barranquilla",Alta,Mediana,87,90.0,Alta,+573056646482,Atlántico,https://mock-ferromap.example/entity/056,A3,Ferreteria,942681777-2,70.8,alta,Priorizar activación comercial.,"[""A1"",""A3""]"
caribe_entity_057,atlantico_barranquilla,Barranquilla,Ferreeléctricos El Prado,11.002701,-74.824582,ACTIVO,"Calle 90 #45B-19, Barranquilla",Alta,Pequeña,88,97.1,Alta,+573173184438,Atlántico,https://mock-ferromap.example/entity/057,A3,Ferreteria,949649438-1,57.4,media,Realizar seguimiento comercial.,"[""A1"",""A3""]"
caribe_entity_058,atlantico_barranquilla,Barranquilla,Ferretería Divino Niño,10.960861,-74.804204,INACTIVO,"Calle 56 #15-69, Barranquilla",Alta,Mediana,77,75,Media,+573112195591,Atlántico,https://mock-ferromap.example/entity/058,A3,Ferreteria,967444823-9,57.7,media,Verificar reactivación del establecimiento.,"[""A3""]"
caribe_entity_059,atlantico_barranquilla,Barranquilla,Ferretería Hermanos Pertuz,10.966925,-74.824167,INACTIVO,"Diagonal 77 #14-96, Barranquilla",Alta,Pequeña,78,75,Media,+573124515147,Atlántico,https://mock-ferromap.example/entity/059,A3,Ferreteria,954333849-6,53.9,media,Verificar reactivación del establecimiento.,"[""A1"",""A2"",""A3""]"
caribe_entity_060,atlantico_barranquilla,Barranquilla,Depósito y Ferretería Caribe,11.020623,-74.822565,ACTIVO,"Calle 99 #65-32, Barranquilla",Alta,Pequeña,80,76.7,Media,+573180446238,Atlántico,https://mock-ferromap.example/entity/060,A2,Deposito,952968586-2,55.5,media,Realizar seguimiento comercial.,"[""A1"",""A2""]"
caribe_entity_061,atlantico_barranquilla,Barranquilla,Ferretería Hermanos Julio,10.977948,-74.839583,VALIDAR,"Calle 116 #31-69, Barranquilla",Alta,Pequeña,55,70.3,Media,+573503680983,Atlántico,https://mock-ferromap.example/entity/061,A2,Ferreteria,966084808-9,87.7,alta,Validar información y agendar contacto comercial.,"[""A2""]"
caribe_entity_062,atlantico_barranquilla,Barranquilla,Depósito Los Almendros,10.999855,-74.789119,ACTIVO,"Calle 58 #66-21, Barranquilla",Alta,Mediana,85,92.4,Alta,+573108189503,Atlántico,https://mock-ferromap.example/entity/062,A2,Deposito,945638924-8,79.7,alta,Priorizar activación comercial.,"[""A2""]"
caribe_entity_063,atlantico_barranquilla,Barranquilla,Materiales La Arenosa,10.988882,-74.780559,ACTIVO,"Carrera 50 #40-59, Barranquilla",Alta,Pequeña,66,66.8,Media,+573194977482,Atlántico,null,A1,Deposito,940567880-9,71.7,alta,Priorizar activación comercial.,"[""A1"",""A2""]"
caribe_entity_064,atlantico_barranquilla,Barranquilla,Ferreeléctricos El Pelícano,11.022387,-74.819946,INACTIVO,"Calle 98 #71-33, Barranquilla",Alta,Pequeña,56,66.4,Media,+573177300090,Atlántico,https://mock-ferromap.example/entity/064,A1,Ferreteria,951572603-5,38.3,baja,Validar estado operativo del establecimiento.,"[""A1"",""A3""]"
caribe_entity_065,atlantico_barranquilla,Barranquilla,Ferretería El Refugio,10.999978,-74.809231,VALIDAR,"Carrera 49C #76-70, Barranquilla",Alta,Mediana,48,44.5,Baja,+573044166881,Atlántico,null,A3,Ferreteria,942334728-4,75.9,alta,Validar información y agendar contacto comercial.,"[""A3""]"
caribe_entity_066,atlantico_barranquilla,Barranquilla,Ferretería y Pinturas Rodríguez y Cía,10.966937,-74.801751,ACTIVO,"Calle 57 #20B-30, Barranquilla",Alta,Mediana,65,62.0,Media,+573165493248,Atlántico,null,A3,Ferreteria,971094858-8,81.4,alta,Priorizar activación comercial.,"[""A1"",""A3""]"
caribe_entity_067,atlantico_barranquilla,Barranquilla,Depósito y Ferretería Hermanos Villalobos,10.982586,-74.776535,VALIDAR,"Carrera 44 #32-62, Barranquilla",Alta,Pequeña,60,68.6,Media,+573132606457,Atlántico,https://mock-ferromap.example/entity/067,A1,Deposito,976904935-2,65.9,media,Validar información del establecimiento.,"[""A1"",""A3""]"
caribe_entity_068,atlantico_barranquilla,Barranquilla,Ferretería El Nivel,10.984987,-74.805480,INACTIVO,"Carrera 39 #69C-31, Barranquilla",Alta,Pequeña,76,72.1,Media,+573172227082,Atlántico,null,A1,Ferreteria,968706436-0,45.8,media,Verificar reactivación del establecimiento.,"[""A1""]"
caribe_entity_069,atlantico_barranquilla,Barranquilla,Depósito de Materiales Los Cocos Barranquilla,10.963298,-74.805659,ACTIVO,"Calle 61 #16-43, Barranquilla",Alta,Pequeña,78,78.3,Media,+573127270682,Atlántico,https://mock-ferromap.example/entity/069,A3,Deposito,974048117-4,60.4,media,Realizar seguimiento comercial.,"[""A3""]"
caribe_entity_070,atlantico_barranquilla,Barranquilla,Materiales Santa Lucía Barranquilla,10.990390,-74.806903,ACTIVO,"Carrera 41C #71-66, Barranquilla",Alta,Mediana,82,74.2,Media,+573139312910,Atlántico,https://mock-ferromap.example/entity/070,A1,Deposito,943233906-9,85.3,alta,Priorizar activación comercial.,"[""A1""]"
caribe_entity_071,atlantico_barranquilla,Barranquilla,Ferretería La Candelaria,10.971390,-74.774523,ACTIVO,"Avenida Calle 17 #33B-35, Barranquilla",Alta,Pequeña,88,78.8,Alta,+573129609239,Atlántico,https://mock-ferromap.example/entity/071,A1,Ferreteria,963179206-3,61.5,media,Realizar seguimiento comercial.,"[""A1""]"
caribe_entity_072,atlantico_barranquilla,Barranquilla,Ferretería La 63,10.964291,-74.805729,ACTIVO,"Calle 63 #16-84, Barranquilla",Alta,Pequeña,71,64.3,Media,+573125005072,Atlántico,null,A3,Ferreteria,954020933-3,38.6,baja,Mantener seguimiento.,"[""A2"",""A3""]"
caribe_entity_073,atlantico_barranquilla,Barranquilla,Ferreeléctricos La 51B,11.010233,-74.826622,VALIDAR,"Carrera 51B #96-42, Barranquilla",Alta,Pequeña,44,47.7,Baja,+573051518727,Atlántico,null,A3,Ferreteria,967191576-7,79.3,alta,Validar información y agendar contacto comercial.,"[""A3""]"
caribe_entity_074,atlantico_barranquilla,Barranquilla,Ferretería Caribe,10.950940,-74.816802,ACTIVO,"Calle 72 #7B-33, Barranquilla",Alta,Pequeña,85,80.9,Alta,+573200260300,Atlántico,https://mock-ferromap.example/entity/074,A1,Ferreteria,977790640-7,60.6,media,Realizar seguimiento comercial.,"[""A1"",""A2""]"
caribe_entity_075,atlantico_barranquilla,Barranquilla,Materiales Santa Lucía,11.014819,-74.817195,INACTIVO,"Carrera 59B #90-39, Barranquilla",Alta,Mediana,74,73.8,Media,+573515277555,Atlántico,https://mock-ferromap.example/entity/075,A2,Deposito,940884302-2,61.7,media,Verificar reactivación del establecimiento.,"[""A2"",""A3""]"
caribe_entity_076,atlantico_barranquilla,Barranquilla,Ferrecentro Hermanos De la Hoz,10.970210,-74.778818,ACTIVO,"Calle 28 #32-07, Barranquilla",Alta,Mediana,77,80.0,Media,+573185213986,Atlántico,https://mock-ferromap.example/entity/076,A2,Ferreteria,971531904-4,67.9,media,Realizar seguimiento comercial.,"[""A2""]"
caribe_entity_077,atlantico_barranquilla,Barranquilla,Comercializadora La 41 Barranquilla,10.988695,-74.807064,VALIDAR,"Carrera 41 #70B-61, Barranquilla",Alta,Grande,64,62.3,Media,+573194552661,Atlántico,null,A1,Distribuidora,952870586-1,64.3,media,Validar información del establecimiento.,"[""A1""]"
caribe_entity_078,atlantico_barranquilla,Barranquilla,Distribuciones Don Chepe,11.006952,-74.817309,ACTIVO,"Carrera 52 #84-33, Barranquilla",Alta,Mediana,76,79.8,Media,+573200854618,Atlántico,null,A1,Distribuidora,945820108-3,87.5,alta,Priorizar activación comercial.,"[""A1""]"
caribe_entity_079,atlantico_barranquilla,Barranquilla,Ferretería y Pinturas San Pedro,11.011863,-74.794233,ACTIVO,"Carrera 73 #75-04, Barranquilla",Alta,Pequeña,79,98.0,Alta,+573029531967,Atlántico,https://mock-ferromap.example/entity/079,A1,Ferreteria,956650442-9,78.2,alta,Priorizar activación comercial.,"[""A1"",""A2""]"
caribe_entity_080,atlantico_barranquilla,Barranquilla,Depósito Don Chepe Barranquilla,11.020031,-74.797474,INACTIVO,"Calle 78 #55-08, Barranquilla",Alta,Grande,74,73.0,Media,+573229577562,Atlántico,https://mock-ferromap.example/entity/080,A2,Deposito,953400242-1,56.1,media,Verificar reactivación del establecimiento.,"[""A2"",""A3""]"
caribe_entity_081,atlantico_barranquilla,Barranquilla,Depósito y Ferretería La 84,10.975650,-74.826876,INACTIVO,"Calle 84 #25A-48, Barranquilla",Alta,Mediana,61,70.0,Media,+573510061674,Atlántico,https://mock-ferromap.example/entity/081,A2,Deposito,953795958-9,42.5,media,Verificar reactivación del establecimiento.,"[""A2"",""A3""]"
caribe_entity_082,atlantico_barranquilla,Barranquilla,Ferreeléctricos Bocas de Ceniza,11.012497,-74.793191,ACTIVO,"Calle 75 #74-75, Barranquilla",Alta,Pequeña,79,83.1,Alta,+573132530236,Atlántico,https://mock-ferromap.example/entity/082,A3,Ferreteria,971660427-5,84.5,alta,Priorizar activación comercial.,"[""A2"",""A3""]"
caribe_entity_083,atlantico_barranquilla,Barranquilla,Ferreeléctricos La 45B,11.003850,-74.827803,VALIDAR,"Carrera 45B #94-67, Barranquilla",Alta,Mediana,67,75,Media,+573177500517,Atlántico,https://mock-ferromap.example/entity/083,A1,Ferreteria,969252472-1,75.4,alta,Validar información y agendar contacto comercial.,"[""A1""]"
caribe_entity_084,atlantico_barranquilla,Barranquilla,Ferretería y Pinturas Nueva Era,10.981470,-74.780809,ACTIVO,"Calle 38 #43-18, Barranquilla",Alta,Pequeña,70,73.8,Media,+573109444948,Atlántico,https://mock-ferromap.example/entity/084,A3,Ferreteria,958922669-9,66.5,media,Fortalecer cobertura comercial.,"[""A3""]"
caribe_entity_085,atlantico_barranquilla,Barranquilla,Distribuidora Los Robles Barranquilla,10.978817,-74.841882,ACTIVO,"Carrera 34 #118-60, Barranquilla",Alta,Pequeña,77,73.7,Media,+573153645746,Atlántico,https://mock-ferromap.example/entity/085,A3,Distribuidora,947811363-4,83.6,alta,Priorizar activación comercial.,"[""A3""]"
caribe_entity_086,atlantico_barranquilla,Barranquilla,Materiales Caribe,10.975996,-74.774399,ACTIVO,"Calle 10 #39-79, Barranquilla",Alta,Grande,84,94.0,Alta,+573166577022,Atlántico,https://mock-ferromap.example/entity/086,A3,Deposito,973351021-0,55.3,media,Realizar seguimiento comercial.,"[""A2"",""A3""]"
caribe_entity_087,atlantico_barranquilla,Barranquilla,Depósito y Ferretería La Costa Barranquilla,11.009708,-74.811841,ACTIVO,"Carrera 58 #82-54, Barranquilla",Alta,Pequeña,74,78.2,Media,+573189910382,Atlántico,null,A2,Deposito,941621149-7,70.6,alta,Priorizar activación comercial.,"[""A2""]"
caribe_entity_088,atlantico_barranquilla,Barranquilla,Ferrecentro La Costa,10.998458,-74.811756,INACTIVO,"Carrera 47 #79-46, Barranquilla",Alta,Pequeña,68,73.9,Media,+573007626938,Atlántico,https://mock-ferromap.example/entity/088,A1,Ferreteria,944657894-2,38.3,baja,Validar estado operativo del establecimiento.,"[""A1""]"
caribe_entity_089,atlantico_barranquilla,Barranquilla,Depósito y Ferretería Los Ingenieros Barranquilla,10.985790,-74.813982,VALIDAR,"Carrera 38 #74B-03, Barranquilla",Alta,Mediana,48,45.2,Baja,+573151972173,Atlántico,null,A1,Deposito,979832703-1,54.5,media,Validar información del establecimiento.,"[""A1""]"
caribe_entity_090,atlantico_barranquilla,Barranquilla,Ferrecentro Del Atlántico,10.979085,-74.823632,INACTIVO,"Carrera 27 #82C-05, Barranquilla",Alta,Mediana,68,72.1,Media,+573240606010,Atlántico,https://mock-ferromap.example/entity/090,A1,Ferreteria,952191446-3,55.1,media,Verificar reactivación del establecimiento.,"[""A1"",""A3""]"
caribe_entity_091,atlantico_barranquilla,Barranquilla,Ferretería Negrete y Cía,10.985214,-74.778935,ACTIVO,"Calle 36 #46-06, Barranquilla",Alta,Mediana,77,73.7,Media,+573136018586,Atlántico,null,A3,Ferreteria,978890388-8,88.4,alta,Priorizar activación comercial.,"[""A3""]"
caribe_entity_092,atlantico_barranquilla,Barranquilla,Ferretería El Pilar,10.958711,-74.786579,ACTIVO,"Calle 31 #20B-42, Barranquilla",Alta,Mediana,76,74.3,Media,+573128397884,Atlántico,https://mock-ferromap.example/entity/092,A2,Ferreteria,968880694-8,65.5,media,Fortalecer cobertura comercial.,"[""A2""]"
caribe_entity_093,atlantico_barranquilla,Barranquilla,Distribuciones La 72 Barranquilla,10.999215,-74.801038,ACTIVO,"Calle 72 #55-19, Barranquilla",Alta,Grande,91,89.8,Alta,+573229138870,Atlántico,null,A3,Distribuidora,968857287-7,66.3,media,Realizar seguimiento comercial.,"[""A3""]"
caribe_entity_094,atlantico_barranquilla,Barranquilla,Comercializadora Las Delicias,10.994059,-74.786902,ACTIVO,"Carrera 55 #49-67, Barranquilla",Alta,Grande,69,77.6,Media,+573187113984,Atlántico,https://mock-ferromap.example/entity/094,A3,Distribuidora,948966021-1,85.7,alta,Evaluar potencial de expansión.,"[""A3""]"
caribe_entity_095,atlantico_barranquilla,Barranquilla,Distribuciones Buenos Aires Barranquilla,10.984222,-74.799926,VALIDAR,"Carrera 38 #63A-20, Barranquilla",Alta,Grande,61,65.6,Media,+573118963074,Atlántico,https://mock-ferromap.example/entity/095,A1,Distribuidora,955773042-0,83.1,alta,Validar información y agendar contacto comercial.,"[""A1""]"
caribe_entity_096,atlantico_barranquilla,Barranquilla,Materiales Santa Fe,10.994138,-74.819784,ACTIVO,"Calle 80B #42E-03, Barranquilla",Alta,Pequeña,88,93.8,Alta,+573205301225,Atlántico,null,A1,Deposito,941274558-7,45.0,media,Realizar seguimiento comercial.,"[""A1"",""A3""]"
caribe_entity_097,atlantico_barranquilla,Barranquilla,Depósito de Materiales El Ladrillo,10.991227,-74.807138,ACTIVO,"Calle 72 #43-62, Barranquilla",Alta,Grande,94,99.2,Alta,+573021185335,Atlántico,https://mock-ferromap.example/entity/097,A2,Deposito,967376255-3,80.0,alta,Priorizar activación comercial.,"[""A2"",""A3""]"
caribe_entity_098,atlantico_barranquilla,Barranquilla,Ferreeléctricos Hermanos Negrete,10.962173,-74.793669,ACTIVO,"Carrera 21 #45B-05, Barranquilla",Alta,Mediana,69,71.4,Media,+573193947024,Atlántico,https://mock-ferromap.example/entity/098,A2,Ferreteria,953271439-9,58.1,media,Fortalecer cobertura comercial.,"[""A2""]"
caribe_entity_099,atlantico_barranquilla,Barranquilla,Ferreeléctricos El Cacique,10.975058,-74.825594,VALIDAR,"Calle 83B #23-23, Barranquilla",Alta,Pequeña,38,43.9,Baja,+573126250170,Atlántico,null,A2,Ferreteria,955392746-1,85.5,alta,Validar información y agendar contacto comercial.,"[""A2""]"
caribe_entity_100,atlantico_barranquilla,Barranquilla,Ferretería Todo Obra,10.966362,-74.799966,INACTIVO,"Carrera 20 #53-09, Barranquilla",Alta,Pequeña,75,75,Media,+573044649864,Atlántico,https://mock-ferromap.example/entity/100,A2,Ferreteria,951189215-9,59.8,media,Verificar reactivación del establecimiento.,"[""A2""]"
caribe_entity_101,atlantico_barranquilla,Barranquilla,Depósito La Milagrosa,10.991258,-74.822699,ACTIVO,"Calle 80B #42B-64, Barranquilla",Alta,Mediana,99,88.1,Alta,+573007377658,Atlántico,null,A1,Deposito,954982667-6,89.9,alta,Priorizar activación comercial.,"[""A1"",""A3""]"
caribe_entity_102,atlantico_soledad,Soledad,Ferretería y Pinturas Punta Brava,10.906105,-74.799405,VALIDAR,"Calle 63 #13A-34, Soledad",Alta,Mediana,61,65.3,Media,+573023200889,Atlántico,https://mock-ferromap.example/entity/102,A2,Ferreteria,951749546-5,76.7,alta,Validar información y agendar contacto comercial.,"[""A2""]"
caribe_entity_103,atlantico_soledad,Soledad,Ferretería La Brisa,10.915518,-74.806293,ACTIVO,"Carrera 17 #73B-20, Soledad",Alta,Mediana,75,75.2,Media,+573024274216,Atlántico,https://mock-ferromap.example/entity/103,A2,Ferreteria,959268252-1,88.4,alta,Priorizar activación comercial.,"[""A2""]"
caribe_entity_104,atlantico_soledad,Soledad,Ferretería El Cemento,10.910194,-74.788068,VALIDAR,"Calle 50B #14C-46, Soledad",Alta,Pequeña,55,58.5,Baja,+573057656071,Atlántico,null,A2,Ferreteria,959670652-5,52.6,media,Validar información del establecimiento.,"[""A2""]"
caribe_entity_105,atlantico_soledad,Soledad,Materiales Arrieta y Cía,10.916534,-74.821429,INACTIVO,"Carrera 15A #84-19, Soledad",Alta,Mediana,59,51.7,Baja,+573020318371,Atlántico,null,A3,Deposito,975657592-6,62.1,media,Verificar reactivación del establecimiento.,"[""A3""]"
caribe_entity_106,atlantico_soledad,Soledad,Ferretería Hermanos Rodríguez,10.903393,-74.791267,ACTIVO,"Carrera 10A #54-76, Soledad",Alta,Pequeña,75,65.4,Media,+573050872791,Atlántico,https://mock-ferromap.example/entity/106,A3,Ferreteria,947913010-8,67.5,media,Fortalecer cobertura comercial.,"[""A3""]"
caribe_entity_107,atlantico_soledad,Soledad,Ferretería Bocas de Ceniza,10.932678,-74.764556,ACTIVO,"Calle 18 #38-11, Soledad",Alta,Pequeña,64,71.9,Media,+573195858364,Atlántico,null,A2,Ferreteria,957991369-5,28.9,baja,Mantener seguimiento.,"[""A2"",""A3""]"
caribe_entity_108,atlantico_soledad,Soledad,Distribuidora El Pelícano,10.894700,-74.785757,ACTIVO,"Calle 51A #3A-86, Soledad",Alta,Grande,71,79.7,Media,+573198138218,Atlántico,https://mock-ferromap.example/entity/108,A2,Distribuidora,950391791-0,58.0,media,Realizar seguimiento comercial.,"[""A2""]"
caribe_entity_109,atlantico_soledad,Soledad,Depósito de Materiales La Guacamaya,10.905018,-74.790158,ACTIVO,"Carrera 11A #53A-86, Soledad",Alta,Pequeña,78,75.1,Media,+573217574729,Atlántico,https://mock-ferromap.example/entity/109,A1,Deposito,975766068-5,58.2,media,Realizar seguimiento comercial.,"[""A1""]"
caribe_entity_110,atlantico_soledad,Soledad,Distribuidora Hermanos Iguarán,10.905692,-74.796087,VALIDAR,"Carrera 12B #59B-89, Soledad",Alta,Mediana,71,71.2,Media,+573059585586,Atlántico,null,A2,Distribuidora,973522473-0,92.3,alta,Validar información y agendar contacto comercial.,"[""A1"",""A2"",""A3""]"
caribe_entity_111,atlantico_soledad,Soledad,Ferretería Hermanos Cassiani,10.915740,-74.814530,ACTIVO,"Carrera 18 #78C-80, Soledad",Alta,Mediana,81,73.0,Media,+573173706891,Atlántico,https://mock-ferromap.example/entity/111,A1,Ferreteria,953519069-4,58.6,media,Fortalecer cobertura comercial.,"[""A1""]"
caribe_entity_112,atlantico_soledad,Soledad,Ferretería Don Julio,10.930875,-74.777238,ACTIVO,"Carrera 35 #30A-36, Soledad",Alta,Mediana,83,89.6,Alta,+573501234709,Atlántico,https://mock-ferromap.example/entity/112,A3,Ferreteria,951901631-4,53.2,media,Realizar seguimiento comercial.,"[""A2"",""A3""]"
caribe_entity_113,atlantico_soledad,Soledad,Ferretería La Economía,10.908619,-74.798255,ACTIVO,"Calle 61A #13G-78, Soledad",Alta,Mediana,76,83.2,Media,+573227221252,Atlántico,https://mock-ferromap.example/entity/113,A3,Ferreteria,961218049-4,65.4,media,Realizar seguimiento comercial.,"[""A3""]"
caribe_entity_114,atlantico_soledad,Soledad,Distribuidora Ferretera El Cacique,10.920668,-74.809304,ACTIVO,"Carrera 23A #76-26, Soledad",Alta,Mediana,94,87.1,Alta,+573178369450,Atlántico,https://mock-ferromap.example/entity/114,A2,Distribuidora,946821862-7,70.4,alta,Priorizar activación comercial.,"[""A2"",""A3""]"
caribe_entity_115,atlantico_soledad,Soledad,Distribuidora La Costa,10.891117,-74.816452,VALIDAR,"Diagonal 76F #4A-84, Soledad",Alta,Pequeña,63,67.3,Media,+573516651964,Atlántico,https://mock-ferromap.example/entity/115,A2,Distribuidora,944693726-6,67.6,media,Validar información del establecimiento.,"[""A1"",""A2"",""A3""]"
caribe_entity_116,atlantico_soledad,Soledad,Ferretería La 16 Soledad,10.914559,-74.805918,ACTIVO,"Carrera 16 #73A-45, Soledad",Alta,Pequeña,76,68.6,Media,+573514036084,Atlántico,null,A1,Ferreteria,961079142-4,64.3,media,Fortalecer cobertura comercial.,"[""A1""]"
caribe_entity_117,atlantico_soledad,Soledad,Ferretería y Pinturas La Roca,10.917099,-74.806710,ACTIVO,"Calle 73B #18C-06, Soledad",Alta,Pequeña,90,86.0,Alta,+573124389113,Atlántico,https://mock-ferromap.example/entity/117,A3,Ferreteria,974172233-0,58.6,media,Realizar seguimiento comercial.,"[""A1"",""A3""]"
caribe_entity_118,atlantico_soledad,Soledad,Ferretería La 59,10.922939,-74.795271,ACTIVO,"Calle 59 #26-29, Soledad",Alta,Grande,92,98.5,Alta,+573193297399,Atlántico,https://mock-ferromap.example/entity/118,A2,Ferreteria,971152972-9,76.8,alta,Priorizar activación comercial.,"[""A2"",""A3""]"
caribe_entity_119,atlantico_soledad,Soledad,Ferretería La 56D,10.930325,-74.793869,ACTIVO,"Calle 56D #44-74, Soledad",Alta,Pequeña,87,82.3,Alta,+573248883384,Atlántico,https://mock-ferromap.example/entity/119,A1,Ferreteria,942324988-1,39.3,baja,Mantener seguimiento.,"[""A1""]"
caribe_entity_120,atlantico_soledad,Soledad,Ferretería y Pinturas La Bendición,10.893927,-74.795805,INACTIVO,"Carrera 1G #58G-75, Soledad",Alta,Pequeña,43,39.7,Baja,+573513522330,Atlántico,null,A3,Ferreteria,963504957-0,56.0,media,Verificar reactivación del establecimiento.,"[""A1"",""A3""]"
caribe_entity_121,atlantico_soledad,Soledad,Ferrecentro La Primavera,10.917354,-74.810839,ACTIVO,"Carrera 19A #76D-81, Soledad",Alta,Pequeña,80,85.8,Alta,+573232411907,Atlántico,https://mock-ferromap.example/entity/121,A1,Ferreteria,944659369-6,64.9,media,Realizar seguimiento comercial.,"[""A1"",""A2"",""A3""]"
caribe_entity_122,atlantico_soledad,Soledad,Ferretería Santa Rita Soledad,10.901585,-74.789037,VALIDAR,"Carrera 7A #52A-26, Soledad",Alta,Pequeña,65,75,Media,+573203399563,Atlántico,https://mock-ferromap.example/entity/122,A3,Ferreteria,946886631-1,65.3,media,Validar información del establecimiento.,"[""A1"",""A3""]"
caribe_entity_123,atlantico_soledad,Soledad,Ferretería La 66B,10.890030,-74.806206,VALIDAR,"Calle 66B #4B-69, Soledad",Alta,Pequeña,57,71.7,Media,+573139482210,Atlántico,https://mock-ferromap.example/entity/123,A1,Ferreteria,964868059-7,79.2,alta,Validar información y agendar contacto comercial.,"[""A1"",""A2"",""A3""]"
caribe_entity_124,atlantico_soledad,Soledad,Comercializadora El Nivel,10.936254,-74.772976,ACTIVO,"Calle 27C #41A-63, Soledad",Alta,Mediana,98,100,Alta,+573230124756,Atlántico,https://mock-ferromap.example/entity/124,A3,Distribuidora,945830743-3,81.6,alta,Priorizar activación comercial.,"[""A1"",""A3""]"
caribe_entity_125,atlantico_soledad,Soledad,Ferretería y Pinturas La 12B,10.905029,-74.801065,ACTIVO,"Carrera 12B #64D-40, Soledad",Alta,Mediana,86,85.2,Alta,+573237762813,Atlántico,https://mock-ferromap.example/entity/125,A2,Ferreteria,975461215-1,65.3,media,Realizar seguimiento comercial.,"[""A2""]"
caribe_entity_126,atlantico_soledad,Soledad,Ferretería y Pinturas Hermanos Pérez,10.927188,-74.762961,ACTIVO,"Calle 17 #31-96, Soledad",Alta,Mediana,78,75.9,Media,+573043258590,Atlántico,https://mock-ferromap.example/entity/126,A2,Ferreteria,954635885-8,47.4,media,Realizar seguimiento comercial.,"[""A1"",""A2""]"
caribe_entity_127,atlantico_soledad,Soledad,Comercializadora Bocas de Ceniza,10.907726,-74.809577,ACTIVO,"Carrera 13 #74-05, Soledad",Alta,Mediana,89,97.0,Alta,+573510808122,Atlántico,https://mock-ferromap.example/entity/127,A3,Distribuidora,968264717-7,93.8,alta,Priorizar activación comercial.,"[""A3""]"
caribe_entity_128,atlantico_soledad,Soledad,Ferrecentro La 18,10.908061,-74.767944,ACTIVO,"Calle 18 #5-51, Soledad",Alta,Pequeña,99,100,Alta,+573217330073,Atlántico,https://mock-ferromap.example/entity/128,A3,Ferreteria,962064583-7,62.6,media,Realizar seguimiento comercial.,"[""A3""]"
caribe_entity_129,atlantico_soledad,Soledad,Comercializadora Hermanos Julio,10.890650,-74.789282,ACTIVO,"Diagonal 54 #2D-90, Soledad",Alta,Mediana,96,93.3,Alta,+573219024913,Atlántico,https://mock-ferromap.example/entity/129,A2,Distribuidora,958628700-1,72.6,alta,Priorizar activación comercial.,"[""A1"",""A2""]"
caribe_entity_130,atlantico_malambo,Malambo,Depósito La Costa,10.855573,-74.784436,VALIDAR,"Carrera 1C #16-46, Malambo",Media,Grande,57,54.4,Baja,+573023288765,Atlántico,null,A1,Deposito,961134800-8,42.9,media,Validar información del establecimiento.,"[""A1""]"
caribe_entity_131,atlantico_malambo,Malambo,Distribuidora El Sol,10.868220,-74.781470,ACTIVO,"Calle 25 #20B-84, Malambo",Media,Mediana,97,99.6,Alta,+573048152279,Atlántico,null,A1,Distribuidora,948861322-1,60.8,media,Realizar seguimiento comercial.,"[""A1""]"
caribe_entity_132,atlantico_malambo,Malambo,Ferrecentro El Porvenir,10.864633,-74.784853,ACTIVO,"Carrera 11 #24-14, Malambo",Media,Grande,65,71.7,Media,+573500838304,Atlántico,https://mock-ferromap.example/entity/132,A2,Ferreteria,957761049-7,87.1,alta,Realizar contacto comercial.,"[""A2"",""A3""]"
caribe_entity_133,atlantico_malambo,Malambo,Ferrecentro Caribe,10.885145,-74.766175,INACTIVO,"Carrera 38 #5-24, Malambo",Media,Mediana,66,63.0,Media,+573044330890,Atlántico,https://mock-ferromap.example/entity/133,A3,Ferreteria,966274570-7,46.7,media,Verificar reactivación del establecimiento.,"[""A2"",""A3""]"
caribe_entity_134,atlantico_malambo,Malambo,Depósito y Ferretería El Trébol,10.850892,-74.780722,ACTIVO,"Carrera 11A2 #1C-19, Malambo",Media,Mediana,80,84.3,Alta,+573022553330,Atlántico,https://mock-ferromap.example/entity/134,A2,Deposito,950426193-9,23.0,baja,Mantener seguimiento.,"[""A1"",""A2""]"
caribe_entity_135,atlantico_malambo,Malambo,Ferretería La Costa Malambo,10.871288,-74.783150,ACTIVO,"Carrera 26A #26-51, Malambo",Media,Pequeña,90,100,Alta,+573141818418,Atlántico,https://mock-ferromap.example/entity/135,A2,Ferreteria,971727196-9,48.4,media,Realizar seguimiento comercial.,"[""A2""]"
caribe_entity_136,atlantico_malambo,Malambo,Depósito de Materiales La 11 Malambo,10.845245,-74.781684,ACTIVO,"Calle 11 #6-27, Malambo",Media,Grande,86,95.8,Alta,+573507621691,Atlántico,https://mock-ferromap.example/entity/136,A2,Deposito,969300588-1,61.3,media,Realizar seguimiento comercial.,"[""A2"",""A3""]"
caribe_entity_137,atlantico_malambo,Malambo,Ferretería El Maestro,10.870351,-74.773475,ACTIVO,"Carrera 27 #13C-66, Malambo",Media,Mediana,87,83.2,Alta,+573149210817,Atlántico,null,A3,Ferreteria,944360609-3,38.7,baja,Mantener seguimiento.,"[""A3""]"
caribe_entity_138,atlantico_malambo,Malambo,Depósito y Ferretería El Constructor,10.849435,-74.793511,VALIDAR,"Calle 19 #6B-82, Malambo",Media,Mediana,62,72.2,Media,+573018601662,Atlántico,https://mock-ferromap.example/entity/138,A3,Deposito,975317966-9,39.2,baja,Validar información del establecimiento.,"[""A1"",""A3""]"
caribe_entity_139,atlantico_malambo,Malambo,Distribuidora El Puerto,10.848811,-74.787125,ACTIVO,"Calle 12 #3-06, Malambo",Media,Grande,76,71.3,Media,+573154117725,Atlántico,null,A3,Distribuidora,964014273-2,68.3,media,Fortalecer cobertura comercial.,"[""A3""]"
caribe_entity_140,atlantico_puerto_colombia,Puerto Colombia,Ferretería La 2B,10.984721,-74.961530,ACTIVO,"Calle 2B #1B-48, Puerto Colombia",Baja,Pequeña,91,99.5,Alta,+573013739587,Atlántico,https://mock-ferromap.example/entity/140,A3,Ferreteria,945128454-1,46.5,media,Realizar seguimiento comercial.,"[""A3""]"
caribe_entity_141,atlantico_puerto_colombia,Puerto Colombia,Ferreeléctricos La Costa Puerto Colombia,10.986985,-74.953910,ACTIVO,"Calle 10 #8-39, Puerto Colombia",Baja,Pequeña,91,95.3,Alta,+573048259472,Atlántico,https://mock-ferromap.example/entity/141,A1,Ferreteria,949755762-7,64.6,media,Realizar seguimiento comercial.,"[""A1"",""A2""]"
caribe_entity_142,atlantico_puerto_colombia,Puerto Colombia,Ferretería y Pinturas Las Delicias,10.994056,-74.951948,ACTIVO,"Carrera 13 #4A-88, Puerto Colombia",Baja,Grande,92,100,Alta,+573220691120,Atlántico,https://mock-ferromap.example/entity/142,A1,Ferreteria,958442801-5,60.8,media,Realizar seguimiento comercial.,"[""A1""]"
caribe_entity_143,atlantico_puerto_colombia,Puerto Colombia,Ferretería La Roca,10.984692,-74.964313,ACTIVO,"Calle 2 #5-09, Puerto Colombia",Baja,Mediana,82,91.0,Alta,+573158240770,Atlántico,https://mock-ferromap.example/entity/143,A1,Ferreteria,974367440-7,37.7,baja,Mantener seguimiento.,"[""A1"",""A3""]"
caribe_entity_144,atlantico_puerto_colombia,Puerto Colombia,Materiales El Oasis,10.985546,-74.962846,ACTIVO,"Carrera 1A1 #2-91, Puerto Colombia",Baja,Pequeña,84,83.6,Alta,+573185451206,Atlántico,null,A2,Deposito,954236838-1,21.8,baja,Mantener seguimiento.,"[""A2""]"
caribe_entity_145,atlantico_puerto_colombia,Puerto Colombia,Depósito de Materiales La 4,10.990249,-74.955491,ACTIVO,"Calle 4 #9A-89, Puerto Colombia",Baja,Grande,89,100,Alta,+573007765190,Atlántico,https://mock-ferromap.example/entity/145,A2,Deposito,945058203-7,75.6,alta,Realizar contacto comercial.,"[""A2""]"
caribe_entity_146,atlantico_sabanalarga,Sabanalarga,Ferrecentro El Sol,10.622937,-74.929033,VALIDAR,"Carrera 3 #26E-25, Sabanalarga",Media,Mediana,61,53.3,Baja,+573509342690,Atlántico,https://mock-ferromap.example/entity/146,A3,Ferreteria,942834136-1,24.5,baja,Validar información del establecimiento.,"[""A1"",""A3""]"
caribe_entity_147,atlantico_sabanalarga,Sabanalarga,Ferretería La Victoria,10.635136,-74.911260,ACTIVO,"Calle 9 #26B-60, Sabanalarga",Media,Pequeña,92,99.2,Alta,+573246016959,Atlántico,https://mock-ferromap.example/entity/147,A2,Ferreteria,948015399-8,37.4,baja,Mantener seguimiento.,"[""A2""]"
caribe_entity_148,atlantico_sabanalarga,Sabanalarga,Materiales Negrete y Cía,10.620682,-74.921480,ACTIVO,"Calle 20-1 #5-91, Sabanalarga",Media,Mediana,87,88.8,Alta,+573196045994,Atlántico,https://mock-ferromap.example/entity/148,A3,Deposito,951108630-6,66.1,media,Realizar seguimiento comercial.,"[""A3""]"
caribe_entity_149,atlantico_sabanalarga,Sabanalarga,Ferreeléctricos La Palma,10.632813,-74.912626,ACTIVO,"Calle 9 #24-36, Sabanalarga",Media,Pequeña,80,80.2,Alta,+573140957649,Atlántico,null,A2,Ferreteria,944443449-9,50.9,media,Realizar seguimiento comercial.,"[""A2""]"
caribe_entity_150,atlantico_sabanalarga,Sabanalarga,Distribuciones Hermanos Pacheco,10.638727,-74.930796,INACTIVO,"Calle 30 #24-83, Sabanalarga",Media,Grande,70,73.6,Media,+573176429600,Atlántico,https://mock-ferromap.example/entity/150,A2,Distribuidora,961518927-3,61.2,media,Verificar reactivación del establecimiento.,"[""A2""]"
caribe_entity_151,atlantico_sabanalarga,Sabanalarga,Depósito y Ferretería Arrieta y Cía,10.633165,-74.917005,ACTIVO,"Calle 15 #20-94, Sabanalarga",Media,Pequeña,87,94.4,Alta,+573173711339,Atlántico,https://mock-ferromap.example/entity/151,A1,Deposito,961186309-5,34.2,baja,Mantener seguimiento.,"[""A1"",""A3""]"
caribe_entity_152,atlantico_sabanalarga,Sabanalarga,Materiales Epieyú y Cía,10.619566,-74.920022,INACTIVO,"Calle 17 #5-67, Sabanalarga",Media,Mediana,78,75,Media,+573133857139,Atlántico,null,A1,Deposito,961240742-2,55.9,media,Verificar reactivación del establecimiento.,"[""A1"",""A2"",""A3""]"
caribe_entity_153,atlantico_sabanalarga,Sabanalarga,Ferretería y Pinturas Hermanos Bula,10.635279,-74.920871,ACTIVO,"Calle 22A #24-94, Sabanalarga",Media,Pequeña,81,87.6,Alta,+573026210172,Atlántico,null,A2,Ferreteria,940888187-1,59.9,media,Realizar seguimiento comercial.,"[""A1"",""A2""]"
caribe_entity_154,bolivar_cartagena,Cartagena,Distribuciones El Maestro,10.409429,-75.534626,ACTIVO,"Carrera 25 #26-30, Cartagena",Alta,Mediana,99,93.6,Alta,+573514001171,Bolívar,https://mock-ferromap.example/entity/154,A2,Distribuidora,961393611-2,98,alta,Priorizar activación comercial.,"[""A1"",""A2""]"
caribe_entity_155,bolivar_cartagena,Cartagena,Distribuciones La Fortaleza,10.425290,-75.538015,VALIDAR,"Carrera 17 #34-30, Cartagena",Alta,Mediana,55,54.3,Baja,+573116018689,Bolívar,null,A2,Distribuidora,950216693-9,66.6,media,Validar información del establecimiento.,"[""A2"",""A3""]"
caribe_entity_156,bolivar_cartagena,Cartagena,Ferreeléctricos El Progreso,10.414518,-75.487367,ACTIVO,"Carrera 61 #16-33, Cartagena",Alta,Grande,86,90.0,Alta,+573013919454,Bolívar,https://mock-ferromap.example/entity/156,A1,Ferreteria,968185431-7,81.8,alta,Priorizar activación comercial.,"[""A1"",""A2""]"
caribe_entity_157,bolivar_cartagena,Cartagena,Depósito de Materiales Pertuz y Cía,10.415258,-75.505766,VALIDAR,"Carrera 48 #36B-27, Cartagena",Alta,Mediana,58,63.4,Media,+573049346390,Bolívar,https://mock-ferromap.example/entity/157,A1,Deposito,945704889-0,57.1,media,Validar información del establecimiento.,"[""A1""]"
caribe_entity_158,bolivar_cartagena,Cartagena,Depósito Todo Obra,10.422542,-75.553077,ACTIVO,"Las Murallas #31A-84, Cartagena",Alta,Grande,74,80.7,Media,+573160552322,Bolívar,https://mock-ferromap.example/entity/158,A1,Deposito,949664732-5,81.3,alta,Priorizar activación comercial.,"[""A1""]"
caribe_entity_159,bolivar_cartagena,Cartagena,Ferretería Tres Hermanos,10.397424,-75.493633,INACTIVO,"Carrera 56 #30C-51, Cartagena",Alta,Pequeña,78,72.5,Media,+573119291899,Bolívar,https://mock-ferromap.example/entity/159,A2,Ferreteria,972016758-0,58.6,media,Verificar reactivación del establecimiento.,"[""A1"",""A2"",""A3""]"
caribe_entity_160,bolivar_cartagena,Cartagena,Ferretería Del Bolívar,10.408061,-75.505821,ACTIVO,"Carrera 48C #31-46, Cartagena",Alta,Pequeña,91,92.6,Alta,+573206111369,Bolívar,null,A2,Ferreteria,965573204-5,54.6,media,Realizar seguimiento comercial.,"[""A1"",""A2""]"
caribe_entity_161,bolivar_cartagena,Cartagena,Comercializadora Corralito,10.395070,-75.486652,ACTIVO,"Carrera 69 #31A-61, Cartagena",Alta,Mediana,89,88.9,Alta,+573196731719,Bolívar,https://mock-ferromap.example/entity/161,A3,Distribuidora,974847321-9,45.0,media,Realizar seguimiento comercial.,"[""A1"",""A3""]"
caribe_entity_162,bolivar_cartagena,Cartagena,Ferreeléctricos El Constructor,10.420825,-75.537518,VALIDAR,"Calle 30 #18A-05, Cartagena",Alta,Mediana,60,65.2,Media,+573168424514,Bolívar,https://mock-ferromap.example/entity/162,A2,Ferreteria,965737309-5,71.2,alta,Validar información y agendar contacto comercial.,"[""A2"",""A3""]"
caribe_entity_163,bolivar_cartagena,Cartagena,Depósito de Materiales La Escuadra,10.425751,-75.550737,ACTIVO,"Calle del Cuartel #2-68, Cartagena",Alta,Pequeña,92,96.1,Alta,+573161200126,Bolívar,https://mock-ferromap.example/entity/163,A1,Deposito,948346715-2,82.0,alta,Priorizar activación comercial.,"[""A1"",""A2"",""A3""]"
caribe_entity_164,bolivar_cartagena,Cartagena,Ferretería Mendoza y Cía,10.406874,-75.527795,INACTIVO,"Calle 29 #30-03, Cartagena",Alta,Pequeña,43,44.6,Baja,+573055937260,Bolívar,null,A2,Ferreteria,958468633-7,50.2,media,Verificar reactivación del establecimiento.,"[""A2""]"
caribe_entity_165,bolivar_cartagena,Cartagena,Ferreeléctricos Los Robles,10.420855,-75.535203,VALIDAR,"Calle 30 #19-51, Cartagena",Alta,Mediana,55,63.8,Baja,+573142796552,Bolívar,https://mock-ferromap.example/entity/165,A2,Ferreteria,955270274-3,43.3,media,Validar información del establecimiento.,"[""A2"",""A3""]"
caribe_entity_166,bolivar_cartagena,Cartagena,Depósito de Materiales El Maestro,10.393472,-75.504213,ACTIVO,"Diagonal 29F #46-66, Cartagena",Alta,Grande,79,78.0,Media,+573201627341,Bolívar,https://mock-ferromap.example/entity/166,A2,Deposito,975648927-1,57.7,media,Realizar seguimiento comercial.,"[""A1"",""A2"",""A3""]"
caribe_entity_167,bolivar_cartagena,Cartagena,Ferreeléctricos La 29A,10.410973,-75.521939,ACTIVO,"Carrera 29A #22-47, Cartagena",Alta,Pequeña,92,92.2,Alta,+573512414220,Bolívar,https://mock-ferromap.example/entity/167,A2,Ferreteria,944983386-1,52.9,media,Realizar seguimiento comercial.,"[""A2""]"
caribe_entity_168,bolivar_cartagena,Cartagena,Depósito y Ferretería La Victoria,10.421379,-75.537485,ACTIVO,"Calle 31 #18A-87, Cartagena",Alta,Mediana,65,63.3,Media,+573235744524,Bolívar,null,A3,Deposito,976694371-6,63.2,media,Fortalecer cobertura comercial.,"[""A3""]"
caribe_entity_169,bolivar_cartagena,Cartagena,Ferretería Del Norte,10.416234,-75.541119,INACTIVO,"Calle 26 #18-38, Cartagena",Alta,Pequeña,69,61.0,Media,+573173612663,Bolívar,https://mock-ferromap.example/entity/169,A3,Ferreteria,966726618-2,45.9,media,Verificar reactivación del establecimiento.,"[""A3""]"
caribe_entity_170,bolivar_cartagena,Cartagena,Materiales El Carmen,10.424016,-75.545055,ACTIVO,"Avenida Daniel Lemaitre #34-93, Cartagena",Alta,Mediana,74,72.4,Media,+573056863575,Bolívar,https://mock-ferromap.example/entity/170,A1,Deposito,957427654-2,84.1,alta,Priorizar activación comercial.,"[""A1"",""A3""]"
caribe_entity_171,bolivar_cartagena,Cartagena,Ferreeléctricos Los Mangos,10.393265,-75.489130,ACTIVO,"Calle 30 #63A-51, Cartagena",Alta,Mediana,84,75.6,Media,+573176242133,Bolívar,null,A3,Ferreteria,969126526-1,74.5,alta,Priorizar activación comercial.,"[""A1"",""A3""]"
caribe_entity_172,bolivar_cartagena,Cartagena,Ferretería y Pinturas Del Bolívar,10.391053,-75.485295,INACTIVO,"Calle 29C #67A-74, Cartagena",Alta,Mediana,76,75,Media,+573105097264,Bolívar,https://mock-ferromap.example/entity/172,A1,Ferreteria,953648107-9,43.5,media,Verificar reactivación del establecimiento.,"[""A1""]"
caribe_entity_173,bolivar_cartagena,Cartagena,Distribuidora Ferretera La Victoria,10.443995,-75.514830,ACTIVO,"Carrera 3 #71A-93, Cartagena",Alta,Pequeña,85,74.6,Media,+573168788722,Bolívar,https://mock-ferromap.example/entity/173,A2,Distribuidora,975987264-0,53.9,media,Fortalecer cobertura comercial.,"[""A2"",""A3""]"
caribe_entity_174,bolivar_cartagena,Cartagena,Ferretería La Milagrosa,10.445274,-75.516622,VALIDAR,"Calle 70A #4-61, Cartagena",Alta,Mediana,55,47.8,Baja,+573144075780,Bolívar,null,A2,Ferreteria,969385984-1,54.6,media,Validar información del establecimiento.,"[""A1"",""A2""]"
caribe_entity_175,bolivar_cartagena,Cartagena,Ferretería El Faro Cartagena,10.398628,-75.502586,ACTIVO,"Calle 26A #51-30, Cartagena",Alta,Pequeña,96,97.6,Alta,+573122898369,Bolívar,null,A2,Ferreteria,945977836-1,52.2,media,Realizar seguimiento comercial.,"[""A2""]"
caribe_entity_176,bolivar_cartagena,Cartagena,Ferretería El Tejar,10.405164,-75.484696,VALIDAR,"Calle 31D #66-57, Cartagena",Alta,Pequeña,56,62.5,Baja,+573241415261,Bolívar,https://mock-ferromap.example/entity/176,A1,Ferreteria,946215187-4,65.0,media,Validar información del establecimiento.,"[""A1""]"
caribe_entity_177,bolivar_cartagena,Cartagena,Depósito de Materiales La Heroica Cartagena,10.394687,-75.501856,INACTIVO,"Transversal 46 #23-94, Cartagena",Alta,Grande,53,56.7,Baja,+573026278364,Bolívar,null,A1,Deposito,947658375-7,53.8,media,Verificar reactivación del establecimiento.,"[""A1""]"
caribe_entity_178,bolivar_cartagena,Cartagena,Comercializadora El Martillo,10.427291,-75.529515,ACTIVO,"Calle 46 #20-39, Cartagena",Alta,Grande,81,74.9,Media,+573515472733,Bolívar,null,A1,Distribuidora,978829347-8,70.8,alta,Evaluar potencial de expansión.,"[""A1""]"
caribe_entity_179,bolivar_cartagena,Cartagena,Ferretería y Pinturas Hermanos Doria Cartagena,10.405239,-75.553426,ACTIVO,"Calle 9 #2-39, Cartagena",Alta,Mediana,64,68.5,Media,+573043034905,Bolívar,https://mock-ferromap.example/entity/179,A3,Ferreteria,977488118-1,92.5,alta,Priorizar activación comercial.,"[""A3""]"
caribe_entity_180,bolivar_cartagena,Cartagena,Ferretería y Pinturas El Trébol,10.422361,-75.537081,ACTIVO,"Carrera 18B #31-79, Cartagena",Alta,Pequeña,76,79.5,Media,+573159437474,Bolívar,https://mock-ferromap.example/entity/180,A1,Ferreteria,966940350-0,59.1,media,Realizar seguimiento comercial.,"[""A1""]"
caribe_entity_181,bolivar_cartagena,Cartagena,Ferretería De la Hoz y Cía,10.399927,-75.483492,VALIDAR,"Calle 31H #71B-11, Cartagena",Alta,Pequeña,73,68.5,Media,+573057078089,Bolívar,null,A1,Ferreteria,942875787-1,79.3,alta,Validar información y agendar contacto comercial.,"[""A1""]"
caribe_entity_182,bolivar_cartagena,Cartagena,Ferretería y Pinturas San Rafael Cartagena,10.399143,-75.476080,VALIDAR,"Diagonal 32D #74-12, Cartagena",Alta,Pequeña,61,73.2,Media,+573129838883,Bolívar,https://mock-ferromap.example/entity/182,A3,Ferreteria,951122349-9,83.5,alta,Validar información y agendar contacto comercial.,"[""A3""]"
caribe_entity_183,bolivar_cartagena,Cartagena,Ferretería y Pinturas La Milagrosa,10.429890,-75.516155,ACTIVO,"Carrera 34 #78B-65, Cartagena",Alta,Pequeña,71,75.0,Media,+573102697470,Bolívar,https://mock-ferromap.example/entity/183,A3,Ferreteria,977750341-9,66.4,media,Realizar seguimiento comercial.,"[""A3""]"
caribe_entity_184,bolivar_cartagena,Cartagena,Depósito de Materiales Los Mangos,10.430982,-75.529871,ACTIVO,"Calle 49 #19-61, Cartagena",Alta,Mediana,80,81.9,Alta,+573118857687,Bolívar,https://mock-ferromap.example/entity/184,A2,Deposito,977314197-5,79.5,alta,Priorizar activación comercial.,"[""A1"",""A2""]"
caribe_entity_185,bolivar_cartagena,Cartagena,Ferretería Los Compadres,10.424581,-75.536556,INACTIVO,"Calle 34 #18A-20, Cartagena",Alta,Pequeña,65,70.6,Media,+573143917591,Bolívar,https://mock-ferromap.example/entity/185,A2,Ferreteria,961672025-3,25.5,baja,Validar estado operativo del establecimiento.,"[""A2""]"
caribe_entity_186,bolivar_cartagena,Cartagena,Ferrecentro La 14,10.430278,-75.536999,ACTIVO,"Carrera 14 #41-29, Cartagena",Alta,Mediana,72,71.4,Media,+573189738441,Bolívar,https://mock-ferromap.example/entity/186,A2,Ferreteria,975061231-3,58.0,media,Fortalecer cobertura comercial.,"[""A1"",""A2"",""A3""]"
caribe_entity_187,bolivar_cartagena,Cartagena,Ferreeléctricos La 21,10.392906,-75.502766,ACTIVO,"Calle 21 #47A-11, Cartagena",Alta,Pequeña,81,89.8,Alta,+573147309503,Bolívar,https://mock-ferromap.example/entity/187,A3,Ferreteria,967511312-4,66.1,media,Realizar seguimiento comercial.,"[""A1"",""A2"",""A3""]"
caribe_entity_188,bolivar_cartagena,Cartagena,Ferretería El Alcatraz Cartagena,10.426176,-75.551828,ACTIVO,"Calle de la Factoría #2-22, Cartagena",Alta,Pequeña,88,84.5,Alta,+573012863035,Bolívar,null,A2,Ferreteria,944348529-3,74.9,alta,Priorizar activación comercial.,"[""A2""]"
caribe_entity_189,bolivar_cartagena,Cartagena,Ferretería Hermanos Mendoza,10.433209,-75.530981,INACTIVO,"Carrera 16A #50-66, Cartagena",Alta,Mediana,74,75,Media,+573055240055,Bolívar,https://mock-ferromap.example/entity/189,A2,Ferreteria,972056791-5,48.0,media,Verificar reactivación del establecimiento.,"[""A2""]"
caribe_entity_190,bolivar_cartagena,Cartagena,Depósito y Ferretería Los Pinos,10.392765,-75.501661,ACTIVO,"Calle 23 #47A-11, Cartagena",Alta,Grande,91,88.5,Alta,+573102190197,Bolívar,https://mock-ferromap.example/entity/190,A1,Deposito,959015420-5,58.0,media,Realizar seguimiento comercial.,"[""A1"",""A3""]"
caribe_entity_191,bolivar_cartagena,Cartagena,Depósito La Tuerca Cartagena,10.419562,-75.531924,VALIDAR,"Calle 30 #21-65, Cartagena",Alta,Mediana,73,69.1,Media,+573109407430,Bolívar,https://mock-ferromap.example/entity/191,A1,Deposito,946738128-4,84.3,alta,Validar información y agendar contacto comercial.,"[""A1"",""A3""]"
caribe_entity_192,bolivar_cartagena,Cartagena,Depósito de Materiales Santa Fe,10.397840,-75.482597,VALIDAR,"Transversal 71E #31G-63, Cartagena",Alta,Pequeña,45,52.2,Baja,+573236944545,Bolívar,https://mock-ferromap.example/entity/192,A1,Deposito,957440177-4,69.8,media,Validar información del establecimiento.,"[""A1""]"
caribe_entity_193,bolivar_cartagena,Cartagena,Distribuidora Ferretera La 20,10.428493,-75.529717,ACTIVO,"Carrera 20 #47-04, Cartagena",Alta,Mediana,88,80.1,Alta,+573051120697,Bolívar,null,A2,Distribuidora,963523361-2,82.7,alta,Priorizar activación comercial.,"[""A1"",""A2"",""A3""]"
caribe_entity_194,bolivar_cartagena,Cartagena,Depósito La Estrella,10.392949,-75.480086,ACTIVO,"Diagonal 31B #69C-72, Cartagena",Alta,Mediana,73,84.0,Media,+573207500800,Bolívar,https://mock-ferromap.example/entity/194,A2,Deposito,960177245-0,65.2,media,Realizar seguimiento comercial.,"[""A2"",""A3""]"
caribe_entity_195,bolivar_cartagena,Cartagena,Depósito de Materiales La Popa,10.403004,-75.504910,ACTIVO,"Calle 30 #49-57, Cartagena",Alta,Grande,85,97.5,Alta,+573165734072,Bolívar,https://mock-ferromap.example/entity/195,A1,Deposito,976018724-4,66.5,media,Realizar seguimiento comercial.,"[""A1"",""A3""]"
caribe_entity_196,bolivar_cartagena,Cartagena,Distribuidora La 29B,10.411956,-75.525474,ACTIVO,"Calle 29B #26-88, Cartagena",Alta,Grande,96,92.1,Alta,+573000460404,Bolívar,https://mock-ferromap.example/entity/196,A3,Distribuidora,964693567-4,93.2,alta,Evaluar potencial de expansión.,"[""A1"",""A3""]"
caribe_entity_197,bolivar_cartagena,Cartagena,Depósito El Porvenir,10.394162,-75.502391,ACTIVO,"Calle 22 #46-32, Cartagena",Alta,Mediana,97,99.7,Alta,+573165179818,Bolívar,https://mock-ferromap.example/entity/197,A1,Deposito,952079377-5,54.4,media,Realizar seguimiento comercial.,"[""A1"",""A3""]"
caribe_entity_198,bolivar_cartagena,Cartagena,Distribuidora La 44,10.428103,-75.531835,ACTIVO,"Calle 44 #17A-21, Cartagena",Alta,Grande,73,72.9,Media,+573122179349,Bolívar,null,A1,Distribuidora,943570560-9,68.6,media,Fortalecer cobertura comercial.,"[""A1"",""A2""]"
caribe_entity_199,bolivar_cartagena,Cartagena,Distribuidora Ferretera Fuentes y Cía Cartagena,10.397257,-75.476864,ACTIVO,"Transversal 74A #33-45, Cartagena",Alta,Mediana,83,72.6,Media,+573234059524,Bolívar,null,A3,Distribuidora,942184077-3,84.1,alta,Priorizar activación comercial.,"[""A3""]"
caribe_entity_200,bolivar_cartagena,Cartagena,Materiales Hermanos Charris,10.410150,-75.506422,VALIDAR,"Calle 32C #48A-87, Cartagena",Alta,Pequeña,69,55.4,Media,+573050818840,Bolívar,null,A2,Deposito,967410662-3,55.5,media,Validar información del establecimiento.,"[""A2""]"
caribe_entity_201,bolivar_cartagena,Cartagena,Distribuciones El Nivel,10.429876,-75.545895,ACTIVO,"Calle del Jardín #2-38, Cartagena",Alta,Grande,92,91.2,Alta,+573156471138,Bolívar,null,A1,Distribuidora,945558133-5,77.1,alta,Evaluar potencial de expansión.,"[""A1""]"
caribe_entity_202,bolivar_cartagena,Cartagena,Ferretería El Cacique,10.405654,-75.520834,ACTIVO,"Carrera 22 #21-87, Cartagena",Alta,Mediana,99,100,Alta,+573208300188,Bolívar,https://mock-ferromap.example/entity/202,A3,Ferreteria,967243702-3,58.6,media,Realizar seguimiento comercial.,"[""A1"",""A2"",""A3""]"
caribe_entity_203,bolivar_cartagena,Cartagena,Ferretería y Pinturas Hermanos Cantillo,10.406840,-75.515540,ACTIVO,"Calle 29 #40-25, Cartagena",Alta,Pequeña,85,89.6,Alta,+573052218313,Bolívar,https://mock-ferromap.example/entity/203,A1,Ferreteria,956931891-9,56.3,media,Realizar seguimiento comercial.,"[""A1""]"
caribe_entity_204,bolivar_cartagena,Cartagena,Ferreeléctricos Doña Carmen,10.406959,-75.492253,ACTIVO,"Calle 31D #57-14, Cartagena",Alta,Pequeña,76,77.7,Media,+573128111971,Bolívar,null,A1,Ferreteria,948916804-6,53.1,media,Realizar seguimiento comercial.,"[""A1""]"
caribe_entity_205,bolivar_cartagena,Cartagena,Ferreeléctricos El Maestro,10.408288,-75.521799,VALIDAR,"Transversal 31 #21-26, Cartagena",Alta,Mediana,61,69.1,Media,+573121608645,Bolívar,https://mock-ferromap.example/entity/205,A1,Ferreteria,969507298-0,65.7,media,Validar información del establecimiento.,"[""A1"",""A2""]"
caribe_entity_206,bolivar_cartagena,Cartagena,Distribuidora Ferretera El Tornillo,10.392918,-75.488676,ACTIVO,"Calle 30 #64-25, Cartagena",Alta,Mediana,88,79.4,Alta,+573148112778,Bolívar,null,A3,Distribuidora,976163290-1,75.8,alta,Priorizar activación comercial.,"[""A2"",""A3""]"
caribe_entity_207,bolivar_cartagena,Cartagena,Ferretería La Escuadra,10.394589,-75.522091,VALIDAR,"Corredor Vial de Cartagena #49-25, Cartagena",Alta,Pequeña,69,72.5,Media,+573236822252,Bolívar,https://mock-ferromap.example/entity/207,A2,Ferreteria,946623371-3,90.4,alta,Validar información y agendar contacto comercial.,"[""A2""]"
caribe_entity_208,bolivar_cartagena,Cartagena,Ferretería La 57,10.413342,-75.491058,ACTIVO,"Carrera 57 #42-79, Cartagena",Alta,Mediana,91,83.9,Alta,+573142708973,Bolívar,null,A3,Ferreteria,979151477-9,53.4,media,Realizar seguimiento comercial.,"[""A1"",""A3""]"
caribe_entity_209,bolivar_cartagena,Cartagena,Depósito y Ferretería Del Bolívar,10.407567,-75.490857,ACTIVO,"Carrera 59 #32-78, Cartagena",Alta,Grande,88,93.3,Alta,+573509452209,Bolívar,https://mock-ferromap.example/entity/209,A3,Deposito,949912278-7,62.2,media,Realizar seguimiento comercial.,"[""A3""]"
caribe_entity_210,bolivar_cartagena,Cartagena,Distribuciones La Heroica Cartagena,10.405555,-75.515343,ACTIVO,"Carrera 41 #28-49, Cartagena",Alta,Grande,75,71.9,Media,+573517751311,Bolívar,null,A3,Distribuidora,962734090-3,42.0,media,Fortalecer cobertura comercial.,"[""A3""]"
caribe_entity_211,bolivar_cartagena,Cartagena,Depósito de Materiales El Constructor,10.415087,-75.535862,ACTIVO,"Carrera 21 #28-65, Cartagena",Alta,Mediana,73,64.6,Media,+573118195661,Bolívar,null,A1,Deposito,972140820-1,71.0,alta,Priorizar activación comercial.,"[""A1"",""A3""]"
caribe_entity_212,bolivar_cartagena,Cartagena,Ferretería Pacheco y Cía,10.424943,-75.553248,ACTIVO,"Playa de la Artillería #33-19, Cartagena",Alta,Pequeña,76,68.4,Media,+573230040746,Bolívar,https://mock-ferromap.example/entity/212,A3,Ferreteria,955119985-7,56.7,media,Fortalecer cobertura comercial.,"[""A2"",""A3""]"
caribe_entity_213,bolivar_cartagena,Cartagena,Ferretería y Pinturas Epieyú y Cía Cartagena,10.397751,-75.521986,VALIDAR,"Corredor Vial de Cartagena #47-46, Cartagena",Alta,Mediana,63,60.2,Media,+573049842351,Bolívar,null,A1,Ferreteria,979174475-3,86.8,alta,Validar información y agendar contacto comercial.,"[""A1"",""A2""]"
caribe_entity_214,bolivar_cartagena,Cartagena,Depósito y Ferretería La Fortaleza,10.397761,-75.502877,INACTIVO,"Calle 24 #51-71, Cartagena",Alta,Mediana,45,42.5,Baja,+573106025067,Bolívar,null,A2,Deposito,968018770-4,30.5,baja,Validar estado operativo del establecimiento.,"[""A2""]"
caribe_entity_215,bolivar_cartagena,Cartagena,Ferreeléctricos Monserrate,10.394152,-75.503699,ACTIVO,"Transversal 46 #20-42, Cartagena",Alta,Pequeña,61,74.2,Media,+573108809409,Bolívar,https://mock-ferromap.example/entity/215,A2,Ferreteria,956515728-2,56.5,media,Fortalecer cobertura comercial.,"[""A2""]"
caribe_entity_216,bolivar_cartagena,Cartagena,Ferrecentro El Refugio,10.409376,-75.537711,ACTIVO,"Calle 25 #24-62, Cartagena",Alta,Pequeña,88,94.2,Alta,+573142875075,Bolívar,https://mock-ferromap.example/entity/216,A1,Ferreteria,957279085-6,85.6,alta,Priorizar activación comercial.,"[""A1""]"
caribe_entity_217,bolivar_cartagena,Cartagena,Depósito de Materiales Bahía,10.392376,-75.497274,ACTIVO,"Transversal 48 #24-83, Cartagena",Alta,Mediana,85,87.1,Alta,+573215781675,Bolívar,https://mock-ferromap.example/entity/217,A2,Deposito,941871848-9,95.0,alta,Priorizar activación comercial.,"[""A1"",""A2""]"
caribe_entity_218,bolivar_cartagena,Cartagena,Ferrecentro Los Ingenieros,10.433387,-75.535401,VALIDAR,"Calle 43A #11-80, Cartagena",Alta,Mediana,52,58.9,Baja,+573501601670,Bolívar,https://mock-ferromap.example/entity/218,A3,Ferreteria,951645437-3,67.5,media,Validar información del establecimiento.,"[""A3""]"
caribe_entity_219,bolivar_cartagena,Cartagena,Depósito de Materiales La Palmera,10.420833,-75.538351,ACTIVO,"Calle 30 #18-07, Cartagena",Alta,Grande,79,83.8,Alta,+573174169410,Bolívar,https://mock-ferromap.example/entity/219,A2,Deposito,945576821-0,55.5,media,Realizar seguimiento comercial.,"[""A2""]"
caribe_entity_220,bolivar_cartagena,Cartagena,Ferretería Bahía Cartagena,10.426355,-75.531957,ACTIVO,"Calle 43 #19A-85, Cartagena",Alta,Grande,82,87.6,Alta,+573150367354,Bolívar,https://mock-ferromap.example/entity/220,A1,Ferreteria,954242549-0,53.1,media,Realizar seguimiento comercial.,"[""A1""]"
caribe_entity_221,bolivar_magangue,Magangué,Depósito de Materiales Hermanos Cassiani,9.238357,-74.745471,VALIDAR,"Calle 19 #6C-44, Magangué",Media,Grande,55,54.0,Baja,+573230746155,Bolívar,null,A2,Deposito,962501337-7,46.4,media,Validar información del establecimiento.,"[""A2""]"
caribe_entity_222,bolivar_magangue,Magangué,Depósito y Ferretería El Ladrillo,9.253141,-74.774208,ACTIVO,"Calle 12 #32-69, Magangué",Media,Pequeña,80,69.5,Media,+573103245858,Bolívar,null,A1,Deposito,954970417-1,50.1,media,Fortalecer cobertura comercial.,"[""A1""]"
caribe_entity_223,bolivar_magangue,Magangué,Distribuidora La 16,9.252503,-74.767316,INACTIVO,"Calle 16 #28-29, Magangué",Media,Grande,59,68.1,Media,+573007960845,Bolívar,https://mock-ferromap.example/entity/223,A1,Distribuidora,956921615-1,57.1,media,Verificar reactivación del establecimiento.,"[""A1""]"
caribe_entity_224,bolivar_magangue,Magangué,Depósito y Ferretería Nueva Era Magangué,9.257862,-74.766132,ACTIVO,"Calle 22 #28a-46, Magangué",Media,Grande,74,62.3,Media,+573143445934,Bolívar,null,A3,Deposito,958686648-1,39.0,baja,Mantener seguimiento.,"[""A2"",""A3""]"
caribe_entity_225,bolivar_magangue,Magangué,Depósito y Ferretería El Pilar,9.240520,-74.749879,INACTIVO,"Calle 17A #10-35, Magangué",Media,Pequeña,58,48.0,Baja,+573507510353,Bolívar,null,A1,Deposito,952373671-6,29.5,baja,Validar estado operativo del establecimiento.,"[""A1"",""A2"",""A3""]"
caribe_entity_226,bolivar_magangue,Magangué,Ferrecentro Santa Rita,9.245766,-74.741192,ACTIVO,"Carrera 4 #32-96, Magangué",Media,Mediana,86,100,Alta,+573132360389,Bolívar,https://mock-ferromap.example/entity/226,A1,Ferreteria,940057261-1,71.2,alta,Realizar contacto comercial.,"[""A1"",""A3""]"
caribe_entity_227,bolivar_magangue,Magangué,Ferretería Hermanos Ahumada Magangué,9.250928,-74.758952,INACTIVO,"Calle 20 #20-65, Magangué",Media,Mediana,71,63.3,Media,+573018790294,Bolívar,null,A3,Ferreteria,972827181-1,42.0,media,Verificar reactivación del establecimiento.,"[""A1"",""A2"",""A3""]"
caribe_entity_228,bolivar_magangue,Magangué,Ferretería Hermanos Iguarán,9.237391,-74.750145,ACTIVO,"Carrera 8D #14-92, Magangué",Media,Mediana,78,83.6,Alta,+573170942920,Bolívar,https://mock-ferromap.example/entity/228,A3,Ferreteria,966233918-0,74.5,alta,Realizar contacto comercial.,"[""A3""]"
caribe_entity_229,bolivar_magangue,Magangué,Ferrecentro La Ceiba,9.233634,-74.752056,ACTIVO,"Calle 10D #8C-37, Magangué",Media,Pequeña,98,96.3,Alta,+573149444019,Bolívar,https://mock-ferromap.example/entity/229,A1,Ferreteria,962606391-7,50.1,media,Realizar seguimiento comercial.,"[""A1"",""A2""]"
caribe_entity_230,bolivar_turbaco,Turbaco,Comercializadora La 17B,10.330350,-75.419490,INACTIVO,"Calle 17B #26-09, Turbaco",Media,Pequeña,60,70.9,Media,+573177122149,Bolívar,https://mock-ferromap.example/entity/230,A1,Distribuidora,973187511-5,25.4,baja,Validar estado operativo del establecimiento.,"[""A1""]"
caribe_entity_231,bolivar_turbaco,Turbaco,Ferrecentro El Cañaguate,10.331456,-75.414137,ACTIVO,"Calle 20 #17-62, Turbaco",Media,Mediana,63,56.3,Baja,+573000263165,Bolívar,https://mock-ferromap.example/entity/231,A3,Ferreteria,968718447-3,54.2,media,Fortalecer cobertura comercial.,"[""A3""]"
caribe_entity_232,bolivar_turbaco,Turbaco,Depósito de Materiales La Unión,10.325806,-75.424894,VALIDAR,"Calle 11 #30-89, Turbaco",Media,Pequeña,54,61.5,Baja,+573117418998,Bolívar,https://mock-ferromap.example/entity/232,A3,Deposito,974735401-9,44.6,media,Validar información del establecimiento.,"[""A3""]"
caribe_entity_233,bolivar_turbaco,Turbaco,Ferreeléctricos Martínez y Cía,10.327641,-75.420608,INACTIVO,"Diagonal 13 #27-83, Turbaco",Media,Mediana,62,55.3,Baja,+573221059332,Bolívar,null,A3,Ferreteria,966851773-0,32.3,baja,Validar estado operativo del establecimiento.,"[""A3""]"
caribe_entity_234,bolivar_turbaco,Turbaco,Materiales La 13A,10.326930,-75.427740,ACTIVO,"Calle 13A #27-95, Turbaco",Media,Mediana,74,70.0,Media,+573041117666,Bolívar,null,A1,Deposito,977385394-3,53.0,media,Fortalecer cobertura comercial.,"[""A1"",""A2""]"
caribe_entity_235,bolivar_turbaco,Turbaco,Ferretería y Pinturas La Popa,10.335604,-75.426649,INACTIVO,"Calle 21A #34-19, Turbaco",Media,Mediana,53,50.9,Baja,+573161172682,Bolívar,https://mock-ferromap.example/entity/235,A1,Ferreteria,966779808-2,23.8,baja,Validar estado operativo del establecimiento.,"[""A1""]"
caribe_entity_236,bolivar_turbaco,Turbaco,Depósito de Materiales Del Bolívar,10.328278,-75.424056,ACTIVO,"Carrera 29C #14-15, Turbaco",Media,Mediana,84,83.9,Alta,+573504305178,Bolívar,https://mock-ferromap.example/entity/236,A3,Deposito,976577237-6,46.1,media,Realizar seguimiento comercial.,"[""A1"",""A2"",""A3""]"
caribe_entity_237,bolivar_arjona,Arjona,Distribuidora Ferretera Hermanos Orozco,10.247296,-75.356995,ACTIVO,"Calle 44B #56-07, Arjona",Baja,Grande,80,80.8,Alta,+573017371906,Bolívar,null,A2,Distribuidora,957901753-6,44.4,media,Realizar seguimiento comercial.,"[""A2""]"
caribe_entity_238,bolivar_arjona,Arjona,Depósito de Materiales Monserrate,10.245206,-75.336036,ACTIVO,"Carrera 28 #42A-63, Arjona",Baja,Pequeña,86,91.1,Alta,+573222243811,Bolívar,https://mock-ferromap.example/entity/238,A3,Deposito,943556643-3,35.0,baja,Mantener seguimiento.,"[""A3""]"
caribe_entity_239,bolivar_arjona,Arjona,Ferretería El Alcatraz,10.253206,-75.333256,ACTIVO,"Carrera 29 #47-90, Arjona",Baja,Mediana,79,78.5,Media,+573140274190,Bolívar,https://mock-ferromap.example/entity/239,A1,Ferreteria,961302712-9,42.0,media,Realizar seguimiento comercial.,"[""A1""]"
caribe_entity_240,bolivar_arjona,Arjona,Ferretería y Pinturas Corralito,10.256919,-75.337295,ACTIVO,"Carrera 32A #52-79, Arjona",Baja,Mediana,85,81.4,Alta,+573139332936,Bolívar,https://mock-ferromap.example/entity/240,A1,Ferreteria,940294272-8,27.4,baja,Mantener seguimiento.,"[""A1"",""A2""]"
caribe_entity_241,bolivar_arjona,Arjona,Ferrecentro El Mamón,10.250180,-75.353221,VALIDAR,"Calle 45 #52C-55, Arjona",Baja,Pequeña,43,40.8,Baja,+573248167552,Bolívar,null,A1,Ferreteria,976027272-5,33.6,baja,Validar información del establecimiento.,"[""A1""]"
caribe_entity_242,bolivar_arjona,Arjona,Depósito y Ferretería El Paisa Arjona,10.254876,-75.336840,ACTIVO,"Transversal 31 #50-77, Arjona",Baja,Mediana,80,74.3,Media,+573021247690,Bolívar,null,A2,Deposito,944100103-4,28.9,baja,Mantener seguimiento.,"[""A2""]"
caribe_entity_243,magdalena_santa_marta,Santa Marta,Ferretería La 18D Santa Marta,11.220341,-74.197141,ACTIVO,"Carrera 18D #34B-46, Santa Marta",Alta,Mediana,81,71.6,Media,+573143010742,Magdalena,null,A1,Ferreteria,950515756-7,98,alta,Priorizar activación comercial.,"[""A1""]"
caribe_entity_244,magdalena_santa_marta,Santa Marta,Ferreeléctricos La Ceiba,11.242605,-74.198709,ACTIVO,"Carrera 16 #14A-69, Santa Marta",Alta,Pequeña,76,74.8,Media,+573199442311,Magdalena,https://mock-ferromap.example/entity/244,A1,Ferreteria,977914209-1,65.1,media,Fortalecer cobertura comercial.,"[""A1""]"
caribe_entity_245,magdalena_santa_marta,Santa Marta,Ferretería El Martillo,11.231628,-74.176067,VALIDAR,"Avenida del Libertador #26A-09, Santa Marta",Alta,Grande,63,70.3,Media,+573206880934,Magdalena,https://mock-ferromap.example/entity/245,A2,Ferreteria,958007182-1,70.4,alta,Validar información y agendar contacto comercial.,"[""A2""]"
caribe_entity_246,magdalena_santa_marta,Santa Marta,Ferretería Samaria Santa Marta,11.224600,-74.183199,ACTIVO,"Carrera 29 #29j-44, Santa Marta",Alta,Mediana,90,90.8,Alta,+573004047471,Magdalena,https://mock-ferromap.example/entity/246,A3,Ferreteria,944878433-9,88.1,alta,Priorizar activación comercial.,"[""A3""]"
caribe_entity_247,magdalena_santa_marta,Santa Marta,Ferrecentro La Tuerca,11.220649,-74.210085,ACTIVO,"Calle 42 #13-89, Santa Marta",Alta,Pequeña,76,81.8,Media,+573185076036,Magdalena,https://mock-ferromap.example/entity/247,A3,Ferreteria,953194975-5,33.7,baja,Mantener seguimiento.,"[""A2"",""A3""]"
caribe_entity_248,magdalena_santa_marta,Santa Marta,Ferreeléctricos La Primavera,11.250793,-74.203672,INACTIVO,"Calle 6 #11-50, Santa Marta",Alta,Mediana,74,75,Media,+573129537736,Magdalena,null,A1,Ferreteria,952471680-2,57.1,media,Verificar reactivación del establecimiento.,"[""A1"",""A3""]"
caribe_entity_249,magdalena_santa_marta,Santa Marta,Ferreeléctricos Samaria,11.233836,-74.212939,VALIDAR,"Avenida Calle 30 #4-77, Santa Marta",Alta,Pequeña,63,58.2,Media,+573230309706,Magdalena,null,A3,Ferreteria,978514999-7,67.5,media,Validar información del establecimiento.,"[""A1"",""A2"",""A3""]"
caribe_entity_250,magdalena_santa_marta,Santa Marta,Depósito Doña Carmen,11.225169,-74.183090,VALIDAR,"Carrera 29 #29j-56, Santa Marta",Alta,Mediana,71,75,Media,+573210593981,Magdalena,https://mock-ferromap.example/entity/250,A2,Deposito,940339942-1,65.9,media,Validar información del establecimiento.,"[""A2""]"
caribe_entity_251,magdalena_santa_marta,Santa Marta,Depósito y Ferretería El Paisa,11.225162,-74.181541,ACTIVO,"Calle 29j #30-03, Santa Marta",Alta,Pequeña,70,53.3,Media,+573221418882,Magdalena,null,A1,Deposito,959548386-1,47.7,media,Fortalecer cobertura comercial.,"[""A1""]"
caribe_entity_252,magdalena_santa_marta,Santa Marta,Distribuciones Las Flores Santa Marta,11.204983,-74.162508,ACTIVO,"Carrera 66A #22-73, Santa Marta",Alta,Grande,77,79.6,Media,+573505977736,Magdalena,https://mock-ferromap.example/entity/252,A1,Distribuidora,972241336-1,77.2,alta,Evaluar potencial de expansión.,"[""A1"",""A2"",""A3""]"
caribe_entity_253,magdalena_santa_marta,Santa Marta,Ferretería Horizonte,11.230136,-74.203272,ACTIVO,"Calle 29E1 #13B-52, Santa Marta",Alta,Mediana,86,94.8,Alta,+573154151141,Magdalena,https://mock-ferromap.example/entity/253,A3,Ferreteria,942617636-0,92.6,alta,Priorizar activación comercial.,"[""A1"",""A2"",""A3""]"
caribe_entity_254,magdalena_santa_marta,Santa Marta,Ferretería San José,11.239812,-74.209954,VALIDAR,"Carrera 6 #22-21, Santa Marta",Alta,Pequeña,52,47.6,Baja,+573131540124,Magdalena,null,A2,Ferreteria,943020062-3,66.2,media,Validar información del establecimiento.,"[""A2""]"
caribe_entity_255,magdalena_santa_marta,Santa Marta,Depósito Don Julio,11.224552,-74.198893,ACTIVO,"Calle 29I2 #17A-25, Santa Marta",Alta,Pequeña,80,80.0,Alta,+573170766440,Magdalena,https://mock-ferromap.example/entity/255,A1,Deposito,953821247-2,63.1,media,Realizar seguimiento comercial.,"[""A1""]"
caribe_entity_256,magdalena_santa_marta,Santa Marta,Depósito de Materiales Villalobos y Cía,11.221484,-74.189533,ACTIVO,"Calle 29K4 #21C-47, Santa Marta",Alta,Grande,79,83.0,Alta,+573217777243,Magdalena,https://mock-ferromap.example/entity/256,A3,Deposito,957166011-6,75.7,alta,Priorizar activación comercial.,"[""A3""]"
caribe_entity_257,magdalena_santa_marta,Santa Marta,Ferreeléctricos San Rafael,11.220605,-74.197747,ACTIVO,"Calle 34B #18C-93, Santa Marta",Alta,Pequeña,81,89.1,Alta,+573056571997,Magdalena,https://mock-ferromap.example/entity/257,A3,Ferreteria,956592742-4,53.3,media,Realizar seguimiento comercial.,"[""A3""]"
caribe_entity_258,magdalena_santa_marta,Santa Marta,Ferreeléctricos La Tuerca Santa Marta,11.230230,-74.214228,ACTIVO,"Avenida Carrera 4 #33-58, Santa Marta",Alta,Mediana,84,92.4,Alta,+573168847067,Magdalena,https://mock-ferromap.example/entity/258,A1,Ferreteria,959245391-6,71.2,alta,Priorizar activación comercial.,"[""A1"",""A3""]"
caribe_entity_259,magdalena_santa_marta,Santa Marta,Comercializadora Los Compadres,11.246284,-74.209862,ACTIVO,"Calle 11 #5-85, Santa Marta",Alta,Grande,85,95.1,Alta,+573178811603,Magdalena,https://mock-ferromap.example/entity/259,A3,Distribuidora,962703245-5,76.0,alta,Evaluar potencial de expansión.,"[""A3""]"
caribe_entity_260,magdalena_santa_marta,Santa Marta,Ferretería San Antonio Santa Marta,11.237212,-74.201834,ACTIVO,"Calle 23 #14-14, Santa Marta",Alta,Pequeña,73,73.6,Media,+573193329467,Magdalena,null,A1,Ferreteria,944895633-7,70.3,alta,Priorizar activación comercial.,"[""A1"",""A3""]"
caribe_entity_261,magdalena_santa_marta,Santa Marta,Ferretería y Pinturas El Alcatraz,11.240953,-74.180217,ACTIVO,"Calle 13B #32-64, Santa Marta",Alta,Mediana,85,89.1,Alta,+573211831790,Magdalena,https://mock-ferromap.example/entity/261,A1,Ferreteria,943725031-1,71.7,alta,Priorizar activación comercial.,"[""A1"",""A2""]"
caribe_entity_262,magdalena_santa_marta,Santa Marta,Depósito Samaria,11.229421,-74.194800,ACTIVO,"Calle 29D #19-13, Santa Marta",Alta,Pequeña,81,83.8,Alta,+573160230698,Magdalena,null,A1,Deposito,951254551-7,57.8,media,Realizar seguimiento comercial.,"[""A1"",""A3""]"
caribe_entity_263,magdalena_santa_marta,Santa Marta,Materiales El Tejar,11.221227,-74.197594,ACTIVO,"Carrera 18B #30-65, Santa Marta",Alta,Pequeña,84,100,Alta,+573221496459,Magdalena,https://mock-ferromap.example/entity/263,A3,Deposito,967092201-6,37.9,baja,Mantener seguimiento.,"[""A3""]"
caribe_entity_264,magdalena_santa_marta,Santa Marta,Ferretería y Pinturas Hermanos Rodríguez,11.221911,-74.210020,ACTIVO,"Carrera 11 #41-53, Santa Marta",Alta,Pequeña,63,54.4,Baja,+573120345333,Magdalena,null,A1,Ferreteria,968651529-9,70.0,alta,Priorizar activación comercial.,"[""A1""]"
caribe_entity_265,magdalena_santa_marta,Santa Marta,Ferreeléctricos La 22,11.217033,-74.187453,INACTIVO,"Carrera 22 #40-84, Santa Marta",Alta,Pequeña,60,59.3,Baja,+573500740308,Magdalena,null,A3,Ferreteria,976120222-4,67.5,media,Verificar reactivación del establecimiento.,"[""A3""]"
caribe_entity_266,magdalena_santa_marta,Santa Marta,Ferretería y Pinturas El Rosario,11.206385,-74.162668,INACTIVO,"Carrera 66A #43-22, Santa Marta",Alta,Mediana,61,70.9,Media,+573200858036,Magdalena,https://mock-ferromap.example/entity/266,A3,Ferreteria,958488940-9,47.2,media,Verificar reactivación del establecimiento.,"[""A3""]"
caribe_entity_267,magdalena_santa_marta,Santa Marta,Ferreeléctricos El Sol,11.232557,-74.174932,VALIDAR,"Carrera 32C #26-22, Santa Marta",Alta,Pequeña,60,52.6,Baja,+573219506209,Magdalena,null,A1,Ferreteria,949341378-4,82.2,alta,Validar información y agendar contacto comercial.,"[""A1""]"
caribe_entity_268,magdalena_santa_marta,Santa Marta,Ferretería Sierra Nevada,11.235225,-74.202720,INACTIVO,"Calle 26A #14-44, Santa Marta",Alta,Mediana,58,65.5,Media,+573029003829,Magdalena,https://mock-ferromap.example/entity/268,A3,Ferreteria,972154421-5,55.5,media,Verificar reactivación del establecimiento.,"[""A3""]"
caribe_entity_269,magdalena_santa_marta,Santa Marta,Ferretería El Trébol,11.237560,-74.194573,ACTIVO,"Avenida Carrera 19 #21-51, Santa Marta",Alta,Pequeña,98,91.2,Alta,+573232310262,Magdalena,null,A2,Ferreteria,942590225-8,59.5,media,Realizar seguimiento comercial.,"[""A2"",""A3""]"
caribe_entity_270,magdalena_santa_marta,Santa Marta,Ferreeléctricos El Mamón,11.240536,-74.184852,INACTIVO,"Calle 14A #26-18, Santa Marta",Alta,Pequeña,74,75,Media,+573053953201,Magdalena,https://mock-ferromap.example/entity/270,A1,Ferreteria,944402246-5,14.6,baja,Validar estado operativo del establecimiento.,"[""A1""]"
caribe_entity_271,magdalena_santa_marta,Santa Marta,Ferretería y Pinturas Hermanos Mejía,11.228618,-74.194827,INACTIVO,"Carrera 19 #29D-75, Santa Marta",Alta,Mediana,54,47.8,Baja,+573110293390,Magdalena,https://mock-ferromap.example/entity/271,A1,Ferreteria,968356564-2,65.8,media,Verificar reactivación del establecimiento.,"[""A1""]"
caribe_entity_272,magdalena_santa_marta,Santa Marta,Depósito y Ferretería El Cemento,11.223211,-74.182270,ACTIVO,"Carrera 29A #29K-52, Santa Marta",Alta,Pequeña,74,90.9,Alta,+573176667747,Magdalena,https://mock-ferromap.example/entity/272,A3,Deposito,967094986-8,83.7,alta,Priorizar activación comercial.,"[""A3""]"
caribe_entity_273,magdalena_santa_marta,Santa Marta,Depósito y Ferretería Castro y Cía,11.236662,-74.212713,ACTIVO,"Avenida Carrera 4 #26-67, Santa Marta",Alta,Mediana,82,92.8,Alta,+573221218470,Magdalena,https://mock-ferromap.example/entity/273,A2,Deposito,943094293-5,55.5,media,Realizar seguimiento comercial.,"[""A2""]"
caribe_entity_274,magdalena_santa_marta,Santa Marta,Depósito La Concordia Santa Marta,11.229442,-74.165840,ACTIVO,"Diagonal 33 #6-44, Santa Marta",Alta,Mediana,79,75.6,Media,+573154333277,Magdalena,https://mock-ferromap.example/entity/274,A3,Deposito,948405171-1,60.0,media,Realizar seguimiento comercial.,"[""A3""]"
caribe_entity_275,magdalena_santa_marta,Santa Marta,Ferretería y Pinturas Don Julio,11.227360,-74.194306,ACTIVO,"Carrera 19 #29D-79, Santa Marta",Alta,Mediana,83,83.5,Alta,+573009021801,Magdalena,https://mock-ferromap.example/entity/275,A1,Ferreteria,976854324-7,71.2,alta,Priorizar activación comercial.,"[""A1""]"
caribe_entity_276,magdalena_santa_marta,Santa Marta,Ferretería y Pinturas Del Magdalena,11.232282,-74.178851,ACTIVO,"Carrera 30 #24C-45, Santa Marta",Alta,Grande,90,87.1,Alta,+573181048552,Magdalena,https://mock-ferromap.example/entity/276,A3,Ferreteria,945701945-1,75.8,alta,Priorizar activación comercial.,"[""A1"",""A2"",""A3""]"
caribe_entity_277,magdalena_santa_marta,Santa Marta,Ferreeléctricos El Ladrillo,11.226345,-74.191614,ACTIVO,"Carrera 21C3 #29F-17, Santa Marta",Alta,Mediana,86,90.6,Alta,+573237508122,Magdalena,https://mock-ferromap.example/entity/277,A2,Ferreteria,953690597-1,76.4,alta,Priorizar activación comercial.,"[""A2"",""A3""]"
caribe_entity_278,magdalena_santa_marta,Santa Marta,Ferretería y Pinturas La 40,11.221471,-74.209319,INACTIVO,"Calle 40 #13-84, Santa Marta",Alta,Pequeña,74,75,Media,+573123620580,Magdalena,https://mock-ferromap.example/entity/278,A2,Ferreteria,970506040-7,54.7,media,Verificar reactivación del establecimiento.,"[""A2""]"
caribe_entity_279,magdalena_santa_marta,Santa Marta,Ferretería y Pinturas El Bosque,11.219385,-74.195553,ACTIVO,"Carrera 19D #34B-61, Santa Marta",Alta,Pequeña,83,93.8,Alta,+573014669966,Magdalena,https://mock-ferromap.example/entity/279,A3,Ferreteria,976820472-2,51.8,media,Realizar seguimiento comercial.,"[""A1"",""A3""]"
caribe_entity_280,magdalena_santa_marta,Santa Marta,Ferretería De la Hoz y Cía Santa Marta,11.244604,-74.186715,ACTIVO,"Calle 10B #24-83, Santa Marta",Alta,Mediana,75,80.1,Media,+573144745191,Magdalena,https://mock-ferromap.example/entity/280,A2,Ferreteria,941678773-9,58.2,media,Realizar seguimiento comercial.,"[""A2""]"
caribe_entity_281,magdalena_santa_marta,Santa Marta,Ferrecentro El Tornillo,11.244810,-74.199165,ACTIVO,"Calle 11B #16-16, Santa Marta",Alta,Mediana,78,78.3,Media,+573504656880,Magdalena,null,A3,Ferreteria,966181196-5,46.9,media,Realizar seguimiento comercial.,"[""A1"",""A2"",""A3""]"
caribe_entity_282,magdalena_santa_marta,Santa Marta,Ferretería y Pinturas Sierra Nevada,11.246213,-74.173136,VALIDAR,"Carrera 37 #9C-23, Santa Marta",Alta,Mediana,57,57.2,Baja,+573046389080,Magdalena,https://mock-ferromap.example/entity/282,A1,Ferreteria,946531597-5,47.0,media,Validar información del establecimiento.,"[""A1"",""A2"",""A3""]"
caribe_entity_283,magdalena_santa_marta,Santa Marta,Ferreeléctricos La 18,11.240804,-74.196108,ACTIVO,"Carrera 18 #16-34, Santa Marta",Alta,Mediana,99,100,Alta,+573058120960,Magdalena,https://mock-ferromap.example/entity/283,A3,Ferreteria,974485749-2,67.6,media,Realizar seguimiento comercial.,"[""A1"",""A2"",""A3""]"
caribe_entity_284,magdalena_santa_marta,Santa Marta,Ferretería El Porvenir,11.211025,-74.186944,ACTIVO,"Carrera 22 #44A-19, Santa Marta",Alta,Pequeña,81,70.2,Media,+573013703515,Magdalena,null,A2,Ferreteria,977441672-6,56.9,media,Fortalecer cobertura comercial.,"[""A2""]"
caribe_entity_285,magdalena_santa_marta,Santa Marta,Ferretería El Progreso,11.233193,-74.188592,VALIDAR,"Calle 27A #21A-23, Santa Marta",Alta,Pequeña,78,75,Media,+573122368702,Magdalena,https://mock-ferromap.example/entity/285,A1,Ferreteria,967430690-5,49.9,media,Validar información del establecimiento.,"[""A1"",""A3""]"
caribe_entity_286,magdalena_santa_marta,Santa Marta,Ferretería Los Pinos,11.229144,-74.205781,ACTIVO,"Avenida Calle 30 #11-95, Santa Marta",Alta,Grande,68,76.0,Media,+573117679958,Magdalena,https://mock-ferromap.example/entity/286,A3,Ferreteria,973596170-1,89.2,alta,Priorizar activación comercial.,"[""A3""]"
caribe_entity_287,magdalena_santa_marta,Santa Marta,Depósito La Palma,11.242200,-74.185960,ACTIVO,"Calle 12 #24B-73, Santa Marta",Alta,Pequeña,92,93.7,Alta,+573177868063,Magdalena,https://mock-ferromap.example/entity/287,A2,Deposito,947147945-2,76.7,alta,Priorizar activación comercial.,"[""A2"",""A3""]"
caribe_entity_288,magdalena_santa_marta,Santa Marta,Ferretería El Puerto,11.232058,-74.195500,ACTIVO,"Avenida del Río #19-70, Santa Marta",Alta,Pequeña,89,90.1,Alta,+573248745902,Magdalena,https://mock-ferromap.example/entity/288,A2,Ferreteria,977173240-8,65.8,media,Realizar seguimiento comercial.,"[""A2""]"
caribe_entity_289,magdalena_santa_marta,Santa Marta,Ferretería Hermanos Martínez,11.225301,-74.199087,ACTIVO,"Carrera 17A #29I-78, Santa Marta",Alta,Mediana,78,72.5,Media,+573017844663,Magdalena,https://mock-ferromap.example/entity/289,A2,Ferreteria,973178377-6,53.7,media,Fortalecer cobertura comercial.,"[""A2""]"
caribe_entity_290,magdalena_santa_marta,Santa Marta,Ferreeléctricos La Economía,11.224867,-74.204144,ACTIVO,"Carrera 13B #34-33, Santa Marta",Alta,Mediana,81,83.0,Alta,+573117699979,Magdalena,https://mock-ferromap.example/entity/290,A3,Ferreteria,977431330-1,68.6,media,Realizar seguimiento comercial.,"[""A1"",""A3""]"
caribe_entity_291,magdalena_cienaga,Ciénaga,Ferretería y Pinturas La Candelaria,11.006310,-74.243929,ACTIVO,"Carrera 21 #19-97, Ciénaga",Media,Mediana,73,78.7,Media,+573167475066,Magdalena,https://mock-ferromap.example/entity/291,A1,Ferreteria,951681209-3,51.7,media,Realizar seguimiento comercial.,"[""A1""]"
caribe_entity_292,magdalena_cienaga,Ciénaga,Ferreeléctricos Samaria Ciénaga,11.005857,-74.247659,ACTIVO,"Calle 19 #16-30, Ciénaga",Media,Pequeña,77,73.5,Media,+573130811734,Magdalena,https://mock-ferromap.example/entity/292,A3,Ferreteria,944372768-8,30.6,baja,Mantener seguimiento.,"[""A2"",""A3""]"
caribe_entity_293,magdalena_cienaga,Ciénaga,Comercializadora Hermanos Pérez,11.001705,-74.249035,ACTIVO,"Calle 27 #12-17, Ciénaga",Media,Grande,73,81.7,Media,+573198348071,Magdalena,https://mock-ferromap.example/entity/293,A3,Distribuidora,971066853-2,85.5,alta,Evaluar potencial de expansión.,"[""A3""]"
caribe_entity_294,magdalena_cienaga,Ciénaga,Distribuidora Samaria,11.006831,-74.244101,ACTIVO,"Carrera 21 #18C-68, Ciénaga",Media,Grande,93,86.6,Alta,+573111883570,Magdalena,null,A3,Distribuidora,954966772-4,82.4,alta,Evaluar potencial de expansión.,"[""A1"",""A2"",""A3""]"
caribe_entity_295,magdalena_cienaga,Ciénaga,Ferretería y Pinturas La Bahía,11.000724,-74.246506,INACTIVO,"Transversal 13 #29-81, Ciénaga",Media,Mediana,52,52.6,Baja,+573117528952,Magdalena,null,A2,Ferreteria,972738803-2,47.8,media,Verificar reactivación del establecimiento.,"[""A2""]"
caribe_entity_296,magdalena_cienaga,Ciénaga,Depósito y Ferretería Tayrona,11.001994,-74.247994,ACTIVO,"Transversal 13 #26-92, Ciénaga",Media,Mediana,98,96.6,Alta,+573501543016,Magdalena,null,A1,Deposito,962350287-8,48.4,media,Realizar seguimiento comercial.,"[""A1"",""A3""]"
caribe_entity_297,magdalena_cienaga,Ciénaga,Ferreeléctricos La 24,10.998138,-74.238797,ACTIVO,"Carrera 24 #36-07, Ciénaga",Media,Pequeña,81,86.9,Alta,+573125068152,Magdalena,https://mock-ferromap.example/entity/297,A2,Ferreteria,943621514-1,65.0,media,Realizar seguimiento comercial.,"[""A2""]"
caribe_entity_298,magdalena_cienaga,Ciénaga,Materiales Tayrona,11.007776,-74.252504,ACTIVO,"Carrera 9 #15-18, Ciénaga",Media,Mediana,75,76.7,Media,+573042144619,Magdalena,https://mock-ferromap.example/entity/298,A2,Deposito,970453814-1,50.4,media,Realizar seguimiento comercial.,"[""A2""]"
caribe_entity_299,magdalena_cienaga,Ciénaga,Depósito y Ferretería El Maestro,11.013129,-74.256455,ACTIVO,"Calle 4 #5-36, Ciénaga",Media,Mediana,70,69.0,Media,+573106791470,Magdalena,null,A3,Deposito,954168246-8,75.2,alta,Realizar contacto comercial.,"[""A1"",""A3""]"
caribe_entity_300,magdalena_cienaga,Ciénaga,Ferrecentro La Bahía,11.013668,-74.241012,VALIDAR,"Calle 7B #25A-12, Ciénaga",Media,Mediana,56,47.6,Baja,+573154526136,Magdalena,null,A1,Ferreteria,961158256-4,42.6,media,Validar información del establecimiento.,"[""A1"",""A3""]"
caribe_entity_301,magdalena_fundacion,Fundación,Ferretería La 22,10.510599,-74.196076,ACTIVO,"Carrera 22 #16A-82, Fundación",Baja,Pequeña,75,83.0,Media,+573165213249,Magdalena,https://mock-ferromap.example/entity/301,A2,Ferreteria,943320201-8,46.9,media,Realizar seguimiento comercial.,"[""A2""]"
caribe_entity_302,magdalena_fundacion,Fundación,Ferreeléctricos La 3B,10.522243,-74.192206,VALIDAR,"Calle 3B #14a-41, Fundación",Baja,Pequeña,50,56.7,Baja,+573048401584,Magdalena,null,A2,Ferreteria,940764192-4,50.7,media,Validar información del establecimiento.,"[""A1"",""A2""]"
caribe_entity_303,magdalena_fundacion,Fundación,Depósito de Materiales Samaria,10.516514,-74.186193,ACTIVO,"Calle 12 #10-42, Fundación",Baja,Grande,99,100,Alta,+573107616622,Magdalena,https://mock-ferromap.example/entity/303,A1,Deposito,961931230-9,51.9,media,Realizar seguimiento comercial.,"[""A1""]"
caribe_entity_304,magdalena_fundacion,Fundación,Materiales Hermanos Mejía,10.512231,-74.199813,ACTIVO,"Calle 12 #28-26, Fundación",Baja,Mediana,81,75.9,Media,+573160525449,Magdalena,https://mock-ferromap.example/entity/304,A3,Deposito,972782600-0,55.9,media,Realizar seguimiento comercial.,"[""A3""]"
caribe_entity_305,magdalena_fundacion,Fundación,Ferrecentro Sierra Nevada Fundación,10.512657,-74.203924,VALIDAR,"Transversal 29 #7A-90, Fundación",Baja,Pequeña,62,68.8,Media,+573177778286,Magdalena,null,A3,Ferreteria,978631690-8,46.6,media,Validar información del establecimiento.,"[""A3""]"
caribe_entity_306,magdalena_fundacion,Fundación,Ferrecentro El Oasis,10.514759,-74.201368,ACTIVO,"Carrera 28B #6A-23, Fundación",Baja,Pequeña,96,86.0,Alta,+573148222189,Magdalena,null,A2,Ferreteria,956929526-9,17.5,baja,Mantener seguimiento.,"[""A2"",""A3""]"
caribe_entity_307,magdalena_plato,Plato,Materiales Samaria,9.791869,-74.781155,VALIDAR,"Calle 12A #17-41, Plato",Baja,Pequeña,37,32.4,Baja,+573169660343,Magdalena,null,A3,Deposito,970251185-1,37.2,baja,Validar información del establecimiento.,"[""A3""]"
caribe_entity_308,magdalena_plato,Plato,Ferreeléctricos El Faro Plato,9.798963,-74.791921,ACTIVO,"Calle 25 #5I-65, Plato",Baja,Pequeña,95,95.3,Alta,+573240369958,Magdalena,null,A2,Ferreteria,958560052-0,37.7,baja,Mantener seguimiento.,"[""A1"",""A2"",""A3""]"
caribe_entity_309,magdalena_plato,Plato,Ferretería y Pinturas El Oasis Plato,9.801269,-74.779469,VALIDAR,"Calle 28 #14E-53, Plato",Baja,Mediana,66,74.8,Media,+573211176797,Magdalena,https://mock-ferromap.example/entity/309,A3,Ferreteria,978296100-7,80.1,alta,Validar información y agendar contacto comercial.,"[""A3""]"
caribe_entity_310,magdalena_plato,Plato,Ferretería y Pinturas El Cacique,9.794307,-74.771866,VALIDAR,"Calle 16 #29A-18, Plato",Baja,Pequeña,66,64.6,Media,+573163975887,Magdalena,null,A2,Ferreteria,977040162-0,63.5,media,Validar información del establecimiento.,"[""A2""]"
caribe_entity_311,magdalena_plato,Plato,Ferretería La Primavera,9.803141,-74.780276,ACTIVO,"Calle 30 #14D-75, Plato",Baja,Pequeña,74,77.7,Media,+573150935708,Magdalena,https://mock-ferromap.example/entity/311,A2,Ferreteria,962037833-9,36.5,baja,Mantener seguimiento.,"[""A1"",""A2""]"
caribe_entity_312,cesar_valledupar,Valledupar,Ferretería Mar Azul,10.462064,-73.239122,ACTIVO,"Calle 26 #5B-56, Valledupar",Alta,Mediana,97,100,Alta,+573051499101,Cesar,https://mock-ferromap.example/entity/312,A3,Ferreteria,979669372-9,48.7,media,Realizar seguimiento comercial.,"[""A3""]"
caribe_entity_313,cesar_valledupar,Valledupar,Distribuidora Las Flores,10.462715,-73.238494,ACTIVO,"Carrera 5 #22A-54, Valledupar",Alta,Pequeña,62,82.4,Media,+573190055549,Cesar,https://mock-ferromap.example/entity/313,A2,Distribuidora,954718382-2,62.5,media,Realizar seguimiento comercial.,"[""A2"",""A3""]"
caribe_entity_314,cesar_valledupar,Valledupar,Depósito y Ferretería Los Pinos Valledupar,10.477555,-73.243211,ACTIVO,"Calle 16 #4-61, Valledupar",Alta,Pequeña,74,70.0,Media,+573506697760,Cesar,https://mock-ferromap.example/entity/314,A2,Deposito,975511357-4,67.5,media,Fortalecer cobertura comercial.,"[""A2""]"
caribe_entity_315,cesar_valledupar,Valledupar,Distribuidora Hermanos Pinedo,10.454736,-73.272688,ACTIVO,"Carrera 34 #17Bis-47, Valledupar",Alta,Mediana,75,73.5,Media,+573113795038,Cesar,https://mock-ferromap.example/entity/315,A3,Distribuidora,968689827-3,86.0,alta,Priorizar activación comercial.,"[""A3""]"
caribe_entity_316,cesar_valledupar,Valledupar,Distribuidora Ferretera El Constructor,10.455975,-73.245885,ACTIVO,"Calle 30 #15-96, Valledupar",Alta,Grande,73,68.2,Media,+573225274714,Cesar,null,A1,Distribuidora,970563325-3,79.4,alta,Evaluar potencial de expansión.,"[""A1""]"
caribe_entity_317,cesar_valledupar,Valledupar,Depósito Vallenata,10.477882,-73.244737,ACTIVO,"Calle 15 #6-67, Valledupar",Alta,Mediana,75,81.7,Media,+573118591277,Cesar,https://mock-ferromap.example/entity/317,A1,Deposito,960606259-5,60.3,media,Realizar seguimiento comercial.,"[""A1""]"
caribe_entity_318,cesar_valledupar,Valledupar,Distribuidora Doña Carmen,10.476105,-73.240444,ACTIVO,"Carrera 3 #17A-76, Valledupar",Alta,Grande,70,82.4,Media,+573183719996,Cesar,https://mock-ferromap.example/entity/318,A2,Distribuidora,945666994-2,69.9,media,Realizar seguimiento comercial.,"[""A2""]"
caribe_entity_319,cesar_valledupar,Valledupar,Ferretería y Pinturas Hermanos Mendoza,10.484754,-73.248276,VALIDAR,"Carrera 4 #10-58, Valledupar",Alta,Pequeña,62,62.3,Media,+573003093894,Cesar,null,A1,Ferreteria,954185453-8,78.8,alta,Validar información y agendar contacto comercial.,"[""A1"",""A2""]"
caribe_entity_320,cesar_valledupar,Valledupar,Ferrecentro El Pilar Valledupar,10.469656,-73.257158,VALIDAR,"Carrera 19 #16-64, Valledupar",Alta,Mediana,78,75,Media,+573152020121,Cesar,https://mock-ferromap.example/entity/320,A1,Ferreteria,947414515-4,70.5,alta,Validar información y agendar contacto comercial.,"[""A1""]"
caribe_entity_321,cesar_valledupar,Valledupar,Depósito y Ferretería La 16,10.472133,-73.251514,ACTIVO,"Calle 16 #14-91, Valledupar",Alta,Pequeña,76,81.8,Media,+573018913160,Cesar,null,A1,Deposito,975938925-1,65.6,media,Realizar seguimiento comercial.,"[""A1""]"
caribe_entity_322,cesar_valledupar,Valledupar,Ferretería La 4B,10.485857,-73.271448,ACTIVO,"Calle 4B #26-52, Valledupar",Alta,Pequeña,91,97.0,Alta,+573018690408,Cesar,https://mock-ferromap.example/entity/322,A1,Ferreteria,946058517-8,80.5,alta,Priorizar activación comercial.,"[""A1"",""A3""]"
caribe_entity_323,cesar_valledupar,Valledupar,Distribuidora De la Hoz y Cía Valledupar,10.461521,-73.230480,VALIDAR,"Calle 30 #4A-04, Valledupar",Alta,Mediana,78,75,Media,+573005925904,Cesar,https://mock-ferromap.example/entity/323,A2,Distribuidora,957479394-5,89.4,alta,Validar información y agendar contacto comercial.,"[""A2""]"
caribe_entity_324,cesar_valledupar,Valledupar,Ferretería y Pinturas La Tuerca,10.482658,-73.245498,ACTIVO,"Carrera 4 #13-88, Valledupar",Alta,Mediana,75,80.2,Media,+573246719282,Cesar,https://mock-ferromap.example/entity/324,A2,Ferreteria,943554168-7,78.1,alta,Priorizar activación comercial.,"[""A2""]"
caribe_entity_325,cesar_valledupar,Valledupar,Ferretería El Pilar Valledupar,10.461659,-73.241215,ACTIVO,"Carrera 6B #24-32, Valledupar",Alta,Mediana,75,78.4,Media,+573180739895,Cesar,https://mock-ferromap.example/entity/325,A3,Ferreteria,947866493-1,36.7,baja,Mantener seguimiento.,"[""A1"",""A3""]"
caribe_entity_326,cesar_valledupar,Valledupar,Comercializadora El Paisa,10.462652,-73.230084,VALIDAR,"Carrera 4 #28-97, Valledupar",Alta,Grande,46,51.0,Baja,+573172194920,Cesar,https://mock-ferromap.example/entity/326,A3,Distribuidora,944027425-9,77.6,alta,Validar información y agendar contacto comercial.,"[""A3""]"
caribe_entity_327,cesar_valledupar,Valledupar,Comercializadora Hermanos Iguarán,10.479045,-73.251004,ACTIVO,"Calle 13 #8-62, Valledupar",Alta,Pequeña,93,100,Alta,+573238113697,Cesar,https://mock-ferromap.example/entity/327,A1,Distribuidora,947638412-6,65.8,media,Realizar seguimiento comercial.,"[""A1""]"
caribe_entity_328,cesar_valledupar,Valledupar,Depósito de Materiales El Tejar,10.453754,-73.248387,VALIDAR,"Carrera 18E #32-11, Valledupar",Alta,Mediana,35,33.1,Baja,+573158185393,Cesar,null,A3,Deposito,966377648-5,50.8,media,Validar información del establecimiento.,"[""A3""]"
caribe_entity_329,cesar_valledupar,Valledupar,Depósito de Materiales La Roca,10.470173,-73.264661,ACTIVO,"Carrera 20 #12E-64, Valledupar",Alta,Mediana,99,100,Alta,+573175177523,Cesar,https://mock-ferromap.example/entity/329,A2,Deposito,954145297-4,69.1,media,Realizar seguimiento comercial.,"[""A2"",""A3""]"
caribe_entity_330,cesar_valledupar,Valledupar,Materiales Del Valle,10.452336,-73.265861,INACTIVO,"Calle 18E #30B-21, Valledupar",Alta,Mediana,59,60.5,Baja,+573112150076,Cesar,https://mock-ferromap.example/entity/330,A2,Deposito,975357570-7,52.0,media,Verificar reactivación del establecimiento.,"[""A2"",""A3""]"
caribe_entity_331,cesar_valledupar,Valledupar,Distribuciones La 19,10.470687,-73.257697,ACTIVO,"Carrera 19 #14-10, Valledupar",Alta,Grande,81,75.6,Media,+573212873998,Cesar,null,A3,Distribuidora,954999042-8,98,alta,Evaluar potencial de expansión.,"[""A1"",""A2"",""A3""]"
caribe_entity_332,cesar_valledupar,Valledupar,Ferreeléctricos El Martillo Valledupar,10.472544,-73.255418,ACTIVO,"Calle 14 #17-49, Valledupar",Alta,Mediana,67,69.3,Media,+573235476536,Cesar,https://mock-ferromap.example/entity/332,A3,Ferreteria,946469370-6,66.6,media,Fortalecer cobertura comercial.,"[""A1"",""A3""]"
caribe_entity_333,cesar_valledupar,Valledupar,Depósito Mejía y Cía,10.486263,-73.262167,ACTIVO,"Carrera 14 #6B-69, Valledupar",Alta,Grande,83,82.0,Alta,+573216620389,Cesar,https://mock-ferromap.example/entity/333,A2,Deposito,978767579-2,80.1,alta,Priorizar activación comercial.,"[""A1"",""A2""]"
caribe_entity_334,cesar_valledupar,Valledupar,Depósito y Ferretería El Mamón,10.481404,-73.249204,VALIDAR,"Carrera 7 #12-79, Valledupar",Alta,Grande,60,69.0,Media,+573180142497,Cesar,https://mock-ferromap.example/entity/334,A3,Deposito,943507596-6,76.7,alta,Validar información y agendar contacto comercial.,"[""A3""]"
caribe_entity_335,cesar_valledupar,Valledupar,Comercializadora La 4,10.470263,-73.236763,ACTIVO,"Carrera 4 #20-37, Valledupar",Alta,Mediana,99,100,Alta,+573150077522,Cesar,https://mock-ferromap.example/entity/335,A1,Distribuidora,973423126-5,72.6,alta,Priorizar activación comercial.,"[""A1"",""A3""]"
caribe_entity_336,cesar_valledupar,Valledupar,Ferretería y Pinturas El Pelícano,10.469989,-73.266021,ACTIVO,"Carrera 21 Bis #12C-53, Valledupar",Alta,Pequeña,75,70.1,Media,+573115791717,Cesar,null,A1,Ferreteria,957967007-3,78.5,alta,Priorizar activación comercial.,"[""A1""]"
caribe_entity_337,cesar_valledupar,Valledupar,Materiales Del Cesar,10.486934,-73.272033,ACTIVO,"Carrera 23 #4-46, Valledupar",Alta,Pequeña,70,70.3,Media,+573192818695,Cesar,null,A3,Deposito,954366316-4,77.4,alta,Priorizar activación comercial.,"[""A3""]"
caribe_entity_338,cesar_valledupar,Valledupar,Depósito de Materiales Guatapurí Valledupar,10.463202,-73.233193,ACTIVO,"Carrera 4C #24-89, Valledupar",Alta,Pequeña,87,84.3,Alta,+573141321001,Cesar,null,A2,Deposito,952604698-7,39.8,baja,Mantener seguimiento.,"[""A1"",""A2""]"
caribe_entity_339,cesar_valledupar,Valledupar,Depósito Las Flores,10.475521,-73.250253,VALIDAR,"Carrera 11A #14-25, Valledupar",Alta,Grande,51,55.5,Baja,+573104748658,Cesar,https://mock-ferromap.example/entity/339,A1,Deposito,976541663-5,91.4,alta,Validar información y agendar contacto comercial.,"[""A1"",""A2""]"
caribe_entity_340,cesar_valledupar,Valledupar,Depósito y Ferretería Del Cesar,10.468586,-73.237331,VALIDAR,"Calle 20B #4E-84, Valledupar",Alta,Pequeña,51,58.6,Baja,+573052196364,Cesar,https://mock-ferromap.example/entity/340,A1,Deposito,978540374-4,39.7,baja,Validar información del establecimiento.,"[""A1""]"
caribe_entity_341,cesar_valledupar,Valledupar,Depósito Guatapurí Valledupar,10.457997,-73.276053,ACTIVO,"Calle 16 B1 #36Bis-12, Valledupar",Alta,Mediana,91,84.2,Alta,+573159810383,Cesar,null,A3,Deposito,978665363-0,90.1,alta,Priorizar activación comercial.,"[""A3""]"
caribe_entity_342,cesar_valledupar,Valledupar,Depósito de Materiales El Arenal,10.447747,-73.266154,VALIDAR,"Carrera 34 #20B-55, Valledupar",Alta,Mediana,54,51.0,Baja,+573048676009,Cesar,https://mock-ferromap.example/entity/342,A2,Deposito,945211808-8,58.8,media,Validar información del establecimiento.,"[""A2""]"
caribe_entity_343,cesar_valledupar,Valledupar,Ferrecentro Rodríguez y Cía,10.485075,-73.269474,ACTIVO,"Carrera 19D #5-20, Valledupar",Alta,Pequeña,63,78.3,Media,+573053280833,Cesar,https://mock-ferromap.example/entity/343,A2,Ferreteria,961949283-8,79.0,alta,Priorizar activación comercial.,"[""A2""]"
caribe_entity_344,cesar_valledupar,Valledupar,Depósito de Materiales La Ceiba,10.479615,-73.241591,VALIDAR,"Carrera 2 #15A-54, Valledupar",Alta,Grande,61,56.6,Baja,+573500262005,Cesar,https://mock-ferromap.example/entity/344,A2,Deposito,954052941-1,87.7,alta,Validar información y agendar contacto comercial.,"[""A2""]"
caribe_entity_345,cesar_valledupar,Valledupar,Ferretería Las Flores,10.463323,-73.243140,ACTIVO,"Carrera 7A #22-08, Valledupar",Alta,Pequeña,89,88.0,Alta,+573105712047,Cesar,null,A2,Ferreteria,947853479-1,55.4,media,Realizar seguimiento comercial.,"[""A2"",""A3""]"
caribe_entity_346,cesar_valledupar,Valledupar,Depósito Sicarare,10.448036,-73.247557,ACTIVO,"Calle 40 #20-04, Valledupar",Alta,Pequeña,79,80.9,Media,+573003032193,Cesar,https://mock-ferromap.example/entity/346,A3,Deposito,946619087-0,78.1,alta,Priorizar activación comercial.,"[""A3""]"
caribe_entity_347,cesar_valledupar,Valledupar,Distribuidora Ferretera El Carmen,10.481103,-73.262184,VALIDAR,"Calle 7B #19A-21, Valledupar",Alta,Mediana,66,66.0,Media,+573141170048,Cesar,https://mock-ferromap.example/entity/347,A2,Distribuidora,958336266-0,91.3,alta,Validar información y agendar contacto comercial.,"[""A2"",""A3""]"
caribe_entity_348,cesar_valledupar,Valledupar,Ferretería y Pinturas La 30 Valledupar,10.459349,-73.233258,ACTIVO,"Calle 30 #4H-66, Valledupar",Alta,Pequeña,93,95.2,Alta,+573131948385,Cesar,https://mock-ferromap.example/entity/348,A1,Ferreteria,947916334-2,60.1,media,Realizar seguimiento comercial.,"[""A1"",""A3""]"
caribe_entity_349,cesar_valledupar,Valledupar,Ferretería El Faro,10.462701,-73.243986,INACTIVO,"Carrera 12 #22-42, Valledupar",Alta,Pequeña,63,61.9,Media,+573233699930,Cesar,https://mock-ferromap.example/entity/349,A3,Ferreteria,945737373-4,82.9,alta,Verificar reactivación del establecimiento.,"[""A1"",""A2"",""A3""]"
caribe_entity_350,cesar_valledupar,Valledupar,Ferrecentro Monserrate,10.474088,-73.252623,ACTIVO,"Calle 14 #14-68, Valledupar",Alta,Pequeña,86,75.9,Alta,+573058483328,Cesar,null,A1,Ferreteria,947066533-3,51.2,media,Realizar seguimiento comercial.,"[""A1"",""A2""]"
caribe_entity_351,cesar_valledupar,Valledupar,Distribuciones La 4b,10.462127,-73.232030,INACTIVO,"Carrera 4b #27-29, Valledupar",Alta,Pequeña,70,68.6,Media,+573050421322,Cesar,https://mock-ferromap.example/entity/351,A2,Distribuidora,954634229-1,29.6,baja,Validar estado operativo del establecimiento.,"[""A2"",""A3""]"
caribe_entity_352,cesar_aguachica,Aguachica,Depósito y Ferretería Hermanos Rodríguez,8.298012,-73.615190,ACTIVO,"Carrera 17 #16-77, Aguachica",Media,Grande,79,69.4,Media,+573161383715,Cesar,null,A2,Deposito,972855394-2,38.4,baja,Mantener seguimiento.,"[""A2""]"
caribe_entity_353,cesar_aguachica,Aguachica,Ferretería San Antonio,8.311192,-73.611162,ACTIVO,"Carrera 24 #4-96, Aguachica",Media,Mediana,79,88.0,Alta,+573022972388,Cesar,https://mock-ferromap.example/entity/353,A3,Ferreteria,949671263-1,53.5,media,Realizar seguimiento comercial.,"[""A3""]"
caribe_entity_354,cesar_aguachica,Aguachica,Materiales La Plomada,8.307704,-73.600919,ACTIVO,"Carrera 36 #7-03, Aguachica",Media,Mediana,70,71.0,Media,+573224772654,Cesar,null,A1,Deposito,955215962-9,42.6,media,Fortalecer cobertura comercial.,"[""A1""]"
caribe_entity_355,cesar_aguachica,Aguachica,Ferrecentro Horizonte,8.308240,-73.605126,ACTIVO,"Carrera 30B #7-61, Aguachica",Media,Mediana,74,71.1,Media,+573230142488,Cesar,https://mock-ferromap.example/entity/355,A1,Ferreteria,941555943-6,54.1,media,Fortalecer cobertura comercial.,"[""A1""]"
caribe_entity_356,cesar_aguachica,Aguachica,Materiales La 16,8.309272,-73.617971,ACTIVO,"Carrera 16 #5-12, Aguachica",Media,Pequeña,94,93.5,Alta,+573240977928,Cesar,null,A2,Deposito,953076211-1,53.3,media,Realizar seguimiento comercial.,"[""A2"",""A3""]"
caribe_entity_357,cesar_aguachica,Aguachica,Depósito de Materiales Hermanos Arrieta,8.301119,-73.616115,ACTIVO,"Carrera 17 #12A-18, Aguachica",Media,Mediana,65,71.6,Media,+573205834133,Cesar,null,A3,Deposito,956527804-6,41.0,media,Fortalecer cobertura comercial.,"[""A3""]"
caribe_entity_358,cesar_aguachica,Aguachica,Ferrecentro Del Valle,8.320274,-73.606265,ACTIVO,"Calle 16 Norte #31-52, Aguachica",Media,Mediana,85,83.6,Alta,+573109624206,Cesar,https://mock-ferromap.example/entity/358,A3,Ferreteria,950515650-5,41.3,media,Realizar seguimiento comercial.,"[""A3""]"
caribe_entity_359,cesar_aguachica,Aguachica,Depósito de Materiales La 2,8.312940,-73.605543,ACTIVO,"Calle 2 #31-19, Aguachica",Media,Pequeña,66,65.3,Media,+573160935786,Cesar,null,A2,Deposito,974201409-5,50.8,media,Fortalecer cobertura comercial.,"[""A2""]"
caribe_entity_360,cesar_codazzi,Agustín Codazzi,Materiales La 23,10.037806,-73.247778,ACTIVO,"Calle 23 #6-60, Agustín Codazzi",Baja,Mediana,96,80.1,Alta,+573125079173,Cesar,null,A2,Deposito,945370134-3,25.0,baja,Mantener seguimiento.,"[""A2""]"
caribe_entity_361,cesar_codazzi,Agustín Codazzi,Depósito El Arenal,10.019202,-73.241610,ACTIVO,"Carrera 16 #8-66, Agustín Codazzi",Baja,Pequeña,73,80.4,Media,+573236387169,Cesar,null,A2,Deposito,970164312-6,33.6,baja,Mantener seguimiento.,"[""A1"",""A2""]"
caribe_entity_362,cesar_codazzi,Agustín Codazzi,Ferrecentro Guatapurí,10.028211,-73.229816,ACTIVO,"carrera 11 #39-08, Agustín Codazzi",Baja,Pequeña,79,83.5,Alta,+573016063040,Cesar,https://mock-ferromap.example/entity/362,A3,Ferreteria,956110032-6,49.5,media,Realizar seguimiento comercial.,"[""A3""]"
caribe_entity_363,cesar_codazzi,Agustín Codazzi,Ferretería y Pinturas Del Valle,10.032799,-73.237070,ACTIVO,"Calle 12 #17-70, Agustín Codazzi",Baja,Mediana,84,96.0,Alta,+573051567578,Cesar,https://mock-ferromap.example/entity/363,A2,Ferreteria,958224252-7,29.5,baja,Mantener seguimiento.,"[""A2""]"
caribe_entity_364,cesar_codazzi,Agustín Codazzi,Ferretería San Martín,10.034410,-73.223972,ACTIVO,"Calle 13 #6-08, Agustín Codazzi",Baja,Mediana,91,81.6,Alta,+573163792510,Cesar,null,A3,Ferreteria,943976600-9,38.1,baja,Mantener seguimiento.,"[""A3""]"
caribe_entity_365,cordoba_monteria,Montería,Depósito y Ferretería El Porvenir,8.736820,-75.864011,VALIDAR,"Carrera 37 #23-04, Montería",Alta,Mediana,72,63.7,Media,+573151058553,Córdoba,null,A1,Deposito,966696927-3,98,alta,Validar información y agendar contacto comercial.,"[""A1""]"
caribe_entity_366,cordoba_monteria,Montería,Ferreeléctricos La 29J,8.724235,-75.871882,ACTIVO,"Calle 29J #29K-83, Montería",Alta,Pequeña,92,100,Alta,+573175107347,Córdoba,https://mock-ferromap.example/entity/366,A2,Ferreteria,941531480-4,78.0,alta,Priorizar activación comercial.,"[""A2"",""A3""]"
caribe_entity_367,cordoba_monteria,Montería,Ferretería Punta Brava,8.724575,-75.871008,ACTIVO,"Calle 3D #30B-93, Montería",Alta,Mediana,73,72.2,Media,+573110042397,Córdoba,null,A1,Ferreteria,942192116-6,64.5,media,Fortalecer cobertura comercial.,"[""A1""]"
caribe_entity_368,cordoba_monteria,Montería,Comercializadora La Candelaria,8.755995,-75.865167,ACTIVO,"Carrera 16B #48-61, Montería",Alta,Grande,69,70.3,Media,+573160594155,Córdoba,https://mock-ferromap.example/entity/368,A3,Distribuidora,943244588-7,63.0,media,Fortalecer cobertura comercial.,"[""A3""]"
caribe_entity_369,cordoba_monteria,Montería,Ferreeléctricos San Martín,8.736963,-75.870850,ACTIVO,"Calle 18 #29-18, Montería",Alta,Pequeña,71,81.0,Media,+573009514708,Córdoba,https://mock-ferromap.example/entity/369,A3,Ferreteria,968495068-6,49.4,media,Realizar seguimiento comercial.,"[""A1"",""A3""]"
caribe_entity_370,cordoba_monteria,Montería,Ferretería y Pinturas La Estrella Montería,8.764853,-75.898059,INACTIVO,"Carrera 19 W #28-08, Montería",Alta,Pequeña,48,33.9,Baja,+573156776561,Córdoba,null,A1,Ferreteria,976193042-8,34.9,baja,Validar estado operativo del establecimiento.,"[""A1"",""A3""]"
caribe_entity_371,cordoba_monteria,Montería,Materiales La 41,8.747757,-75.868181,ACTIVO,"Calle 41 #18A-45, Montería",Alta,Mediana,78,58.4,Media,+573510689739,Córdoba,null,A2,Deposito,944917380-5,69.0,media,Fortalecer cobertura comercial.,"[""A2"",""A3""]"
caribe_entity_372,cordoba_monteria,Montería,Depósito El Cañaguate,8.734587,-75.862601,ACTIVO,"Calle 18 #39-60, Montería",Alta,Mediana,72,66.6,Media,+573119981278,Córdoba,null,A2,Deposito,954254027-1,89.8,alta,Priorizar activación comercial.,"[""A2""]"
caribe_entity_373,cordoba_monteria,Montería,Comercializadora El Ladrillo,8.746297,-75.907324,VALIDAR,"Calle 4A #10W-19, Montería",Alta,Mediana,63,52.2,Baja,+573159335482,Córdoba,null,A1,Distribuidora,968951563-7,40.2,media,Validar información del establecimiento.,"[""A1""]"
caribe_entity_374,cordoba_monteria,Montería,Ferrecentro La Unión Montería,8.745548,-75.892038,ACTIVO,"Carrera 5 #12-53, Montería",Alta,Mediana,74,77.8,Media,+573135475214,Córdoba,https://mock-ferromap.example/entity/374,A3,Ferreteria,956005092-9,88.3,alta,Priorizar activación comercial.,"[""A1"",""A3""]"
caribe_entity_375,cordoba_monteria,Montería,Ferretería Bula y Cía Montería,8.775232,-75.867553,VALIDAR,"Carrera 4 #63-67, Montería",Alta,Mediana,62,60.1,Media,+573168307634,Córdoba,null,A1,Ferreteria,968496974-9,85.7,alta,Validar información y agendar contacto comercial.,"[""A1"",""A2""]"
caribe_entity_376,cordoba_monteria,Montería,Ferreeléctricos La 5,8.748434,-75.890095,ACTIVO,"Carrera 5 #16-56, Montería",Alta,Mediana,88,81.7,Alta,+573235333447,Córdoba,null,A2,Ferreteria,953740413-0,87.8,alta,Priorizar activación comercial.,"[""A2"",""A3""]"
caribe_entity_377,cordoba_monteria,Montería,Ferreeléctricos Ribereña,8.750783,-75.870422,ACTIVO,"Calle 41 #19-59, Montería",Alta,Pequeña,76,64.2,Media,+573243274468,Córdoba,null,A3,Ferreteria,963631749-9,43.7,media,Fortalecer cobertura comercial.,"[""A1"",""A3""]"
caribe_entity_378,cordoba_monteria,Montería,Ferretería San Rafael,8.745290,-75.884821,ACTIVO,"Calle 16A #12-73, Montería",Alta,Pequeña,70,70.4,Media,+573158313150,Córdoba,https://mock-ferromap.example/entity/378,A3,Ferreteria,955808565-3,70.5,alta,Priorizar activación comercial.,"[""A2"",""A3""]"
caribe_entity_379,cordoba_monteria,Montería,Ferretería y Pinturas Los Mangos,8.750145,-75.907939,ACTIVO,"Calle 7 #12W-89, Montería",Alta,Mediana,85,96.7,Alta,+573180580189,Córdoba,https://mock-ferromap.example/entity/379,A2,Ferreteria,953460102-3,75.5,alta,Priorizar activación comercial.,"[""A1"",""A2""]"
caribe_entity_380,cordoba_monteria,Montería,Depósito La Bendición,8.767807,-75.881657,ACTIVO,"Transversal 1A #42A-96, Montería",Alta,Grande,74,80.5,Media,+573019264350,Córdoba,https://mock-ferromap.example/entity/380,A3,Deposito,975623099-1,63.7,media,Realizar seguimiento comercial.,"[""A1"",""A3""]"
caribe_entity_381,cordoba_monteria,Montería,Ferrecentro La Viga,8.743758,-75.875036,ACTIVO,"Carrera 20 #23-10, Montería",Alta,Pequeña,63,81.0,Media,+573218228561,Córdoba,https://mock-ferromap.example/entity/381,A3,Ferreteria,946635221-9,62.9,media,Realizar seguimiento comercial.,"[""A3""]"
caribe_entity_382,cordoba_monteria,Montería,Ferretería Del Sinú,8.760776,-75.869658,ACTIVO,"Carrera 14F #48-98, Montería",Alta,Mediana,97,99.8,Alta,+573149449279,Córdoba,https://mock-ferromap.example/entity/382,A3,Ferreteria,968490985-2,86.6,alta,Priorizar activación comercial.,"[""A3""]"
caribe_entity_383,cordoba_monteria,Montería,Distribuidora Ferretera La Bendición,8.761375,-75.881402,VALIDAR,"Calle 37 #3-83, Montería",Alta,Mediana,55,63.9,Baja,+573189599764,Córdoba,https://mock-ferromap.example/entity/383,A2,Distribuidora,942677722-2,83.4,alta,Validar información y agendar contacto comercial.,"[""A2"",""A3""]"
caribe_entity_384,cordoba_monteria,Montería,Ferrecentro Cordobesa,8.761388,-75.870576,ACTIVO,"Carrera 14E #47-41, Montería",Alta,Mediana,99,98.2,Alta,+573127407661,Córdoba,https://mock-ferromap.example/entity/384,A3,Ferreteria,972974081-2,85.1,alta,Priorizar activación comercial.,"[""A2"",""A3""]"
caribe_entity_385,cordoba_monteria,Montería,Ferreeléctricos La 22W,8.765542,-75.899169,ACTIVO,"Carrera 22W #28-74, Montería",Alta,Grande,73,71.0,Media,+573045845615,Córdoba,null,A2,Ferreteria,960452993-0,58.2,media,Fortalecer cobertura comercial.,"[""A2""]"
caribe_entity_386,cordoba_monteria,Montería,Materiales Buenos Aires,8.759920,-75.869921,INACTIVO,"Carrera 14F 1 #46-44, Montería",Alta,Mediana,78,75,Media,+573513693010,Córdoba,null,A3,Deposito,970821753-1,66.0,media,Verificar reactivación del establecimiento.,"[""A3""]"
caribe_entity_387,cordoba_monteria,Montería,Ferretería Hermanos Polo,8.741324,-75.865220,VALIDAR,"Calle 28A #33-91, Montería",Alta,Pequeña,54,55.6,Baja,+573184555190,Córdoba,https://mock-ferromap.example/entity/387,A2,Ferreteria,978765340-0,38.6,baja,Validar información del establecimiento.,"[""A2""]"
caribe_entity_388,cordoba_monteria,Montería,Ferretería El Mamón,8.739685,-75.897085,ACTIVO,"Diagonal 16 #2-92, Montería",Alta,Grande,71,77.2,Media,+573516583679,Córdoba,https://mock-ferromap.example/entity/388,A1,Ferreteria,975777673-9,70.5,alta,Priorizar activación comercial.,"[""A1"",""A3""]"
caribe_entity_389,cordoba_monteria,Montería,Ferreeléctricos Santa Rita,8.732913,-75.898261,ACTIVO,"Transversal 1B #3-41, Montería",Alta,Grande,75,74.0,Media,+573111584779,Córdoba,null,A1,Ferreteria,951256713-2,71.1,alta,Priorizar activación comercial.,"[""A1""]"
caribe_entity_390,cordoba_monteria,Montería,Ferretería El Oasis,8.724242,-75.888449,VALIDAR,"Calle 5A Sur #13-42, Montería",Alta,Mediana,62,49.9,Baja,+573202352874,Córdoba,null,A3,Ferreteria,959232779-3,94.8,alta,Validar información y agendar contacto comercial.,"[""A1"",""A3""]"
caribe_entity_391,cordoba_monteria,Montería,Depósito Pacheco y Cía,8.762164,-75.891272,ACTIVO,"Calle 31 #3W-91, Montería",Alta,Mediana,85,93.5,Alta,+573009574338,Córdoba,https://mock-ferromap.example/entity/391,A1,Deposito,952945710-0,66.2,media,Realizar seguimiento comercial.,"[""A1""]"
caribe_entity_392,cordoba_monteria,Montería,Ferretería La Palmera,8.728900,-75.883647,VALIDAR,"Calle 3I #18-22, Montería",Alta,Pequeña,59,57.3,Baja,+573059775401,Córdoba,https://mock-ferromap.example/entity/392,A1,Ferreteria,950541087-8,46.3,media,Validar información del establecimiento.,"[""A1"",""A3""]"
caribe_entity_393,cordoba_monteria,Montería,Depósito La Estrella Montería,8.732633,-75.872713,ACTIVO,"Carrera 29 #10-43, Montería",Alta,Pequeña,90,91.7,Alta,+573225450304,Córdoba,https://mock-ferromap.example/entity/393,A1,Deposito,959647816-1,44.8,media,Realizar seguimiento comercial.,"[""A1"",""A3""]"
caribe_entity_394,cordoba_monteria,Montería,Depósito de Materiales Doria y Cía,8.766878,-75.876503,ACTIVO,"Carrera 2 #46-42, Montería",Alta,Grande,80,74.3,Media,+573194178646,Córdoba,null,A3,Deposito,971698750-4,71.1,alta,Priorizar activación comercial.,"[""A1"",""A3""]"
caribe_entity_395,cordoba_monteria,Montería,Ferretería La Esquina,8.780446,-75.867347,ACTIVO,"Carrera 3 #68-96, Montería",Alta,Pequeña,88,90.1,Alta,+573155897886,Córdoba,https://mock-ferromap.example/entity/395,A2,Ferreteria,968769201-7,67.8,media,Realizar seguimiento comercial.,"[""A1"",""A2"",""A3""]"
caribe_entity_396,cordoba_monteria,Montería,Ferretería y Pinturas La 9,8.737854,-75.887592,ACTIVO,"Calle 9 #9-94, Montería",Alta,Grande,91,87.8,Alta,+573153772332,Córdoba,null,A1,Ferreteria,942560480-1,67.5,media,Realizar seguimiento comercial.,"[""A1"",""A2""]"
caribe_entity_397,cordoba_monteria,Montería,Ferretería y Pinturas Ribereña,8.744122,-75.881531,ACTIVO,"Calle 16A #14B-63, Montería",Alta,Mediana,87,88.6,Alta,+573141006927,Córdoba,https://mock-ferromap.example/entity/397,A1,Ferreteria,949678843-5,76.5,alta,Priorizar activación comercial.,"[""A1""]"
caribe_entity_398,cordoba_monteria,Montería,Ferretería La Sabana,8.743411,-75.898031,ACTIVO,"Calle 4D #3-30, Montería",Alta,Mediana,94,98.9,Alta,+573157352943,Córdoba,https://mock-ferromap.example/entity/398,A3,Ferreteria,966787312-5,66.3,media,Realizar seguimiento comercial.,"[""A2"",""A3""]"
caribe_entity_399,cordoba_monteria,Montería,Depósito y Ferretería Del Sinú,8.746549,-75.859634,ACTIVO,"Calle 42B #37-76, Montería",Alta,Mediana,56,55.5,Baja,+573516088783,Córdoba,null,A2,Deposito,962496818-6,81.2,alta,Priorizar activación comercial.,"[""A2""]"
caribe_entity_400,cordoba_monteria,Montería,Ferreeléctricos Todo Obra,8.744490,-75.883487,ACTIVO,"Calle 16 #13-39, Montería",Alta,Grande,88,91.7,Alta,+573510065407,Córdoba,null,A3,Ferreteria,979809473-6,90.2,alta,Priorizar activación comercial.,"[""A2"",""A3""]"
caribe_entity_401,cordoba_monteria,Montería,Ferretería Cordobesa,8.743574,-75.901485,ACTIVO,"Carrera 2B #1-34, Montería",Alta,Pequeña,78,84.0,Alta,+573177989266,Córdoba,https://mock-ferromap.example/entity/401,A3,Ferreteria,963187284-1,60.7,media,Realizar seguimiento comercial.,"[""A2"",""A3""]"
caribe_entity_402,cordoba_monteria,Montería,Ferreeléctricos Cordobesa Montería,8.754846,-75.870853,VALIDAR,"Carrera 15D #41A-07, Montería",Alta,Mediana,64,66.6,Media,+573104715977,Córdoba,https://mock-ferromap.example/entity/402,A1,Ferreteria,964049895-4,41.9,media,Validar información del establecimiento.,"[""A1"",""A2""]"
caribe_entity_403,cordoba_monteria,Montería,Ferretería y Pinturas El Carmen,8.740583,-75.881724,ACTIVO,"Calle 10 #15B-82, Montería",Alta,Mediana,80,85.3,Alta,+573235012514,Córdoba,https://mock-ferromap.example/entity/403,A1,Ferreteria,944768337-8,59.4,media,Realizar seguimiento comercial.,"[""A1""]"
caribe_entity_404,cordoba_monteria,Montería,Ferretería La Fortaleza,8.753588,-75.906336,ACTIVO,"Calle 10B #13-58, Montería",Alta,Pequeña,85,87.5,Alta,+573050102157,Córdoba,https://mock-ferromap.example/entity/404,A2,Ferreteria,953888575-1,55.4,media,Realizar seguimiento comercial.,"[""A2"",""A3""]"
caribe_entity_405,cordoba_cerete,Cereté,Depósito La 11,8.888780,-75.789583,ACTIVO,"Carrera 11 #14A-27, Cereté",Media,Mediana,93,100,Alta,+573204659609,Córdoba,https://mock-ferromap.example/entity/405,A1,Deposito,955729432-3,78.8,alta,Realizar contacto comercial.,"[""A1"",""A3""]"
caribe_entity_406,cordoba_cerete,Cereté,Ferrecentro La 10B,8.896710,-75.784314,ACTIVO,"Carrera 10B #23A-98, Cereté",Media,Pequeña,93,90.2,Alta,+573190308269,Córdoba,null,A1,Ferreteria,978822493-3,43.0,media,Realizar seguimiento comercial.,"[""A1"",""A2""]"
caribe_entity_407,cordoba_cerete,Cereté,Materiales La Esquina Cereté,8.891000,-75.785025,ACTIVO,"Calle 16A #9Bis-77, Cereté",Media,Pequeña,73,76.7,Media,+573510798984,Córdoba,https://mock-ferromap.example/entity/407,A1,Deposito,945559904-1,65.9,media,Realizar seguimiento comercial.,"[""A1"",""A3""]"
caribe_entity_408,cordoba_cerete,Cereté,Ferreeléctricos Cassiani y Cía Cereté,8.888403,-75.795888,VALIDAR,"Carrera 20A #14-23, Cereté",Media,Grande,54,48.9,Baja,+573049539516,Córdoba,null,A3,Ferreteria,973142819-4,81.0,alta,Validar información y agendar contacto comercial.,"[""A1"",""A3""]"
caribe_entity_409,cordoba_cerete,Cereté,Materiales Los Alpes,8.890395,-75.786687,ACTIVO,"Carrera 9D #16-58, Cereté",Media,Pequeña,82,96.0,Alta,+573044088867,Córdoba,https://mock-ferromap.example/entity/409,A3,Deposito,942655479-2,50.3,media,Realizar seguimiento comercial.,"[""A3""]"
caribe_entity_410,cordoba_cerete,Cereté,Depósito y Ferretería Santa Rita,8.891838,-75.785359,INACTIVO,"Calle 21 #9B-58, Cereté",Media,Pequeña,78,75,Media,+573140121120,Córdoba,null,A2,Deposito,964012353-4,38.5,baja,Validar estado operativo del establecimiento.,"[""A2""]"
caribe_entity_411,cordoba_cerete,Cereté,Ferrecentro La 10,8.891612,-75.786761,INACTIVO,"Carrera 10 #18-33, Cereté",Media,Mediana,56,65.8,Media,+573019580732,Córdoba,https://mock-ferromap.example/entity/411,A1,Ferreteria,945975129-3,76.0,alta,Verificar reactivación del establecimiento.,"[""A1"",""A2""]"
caribe_entity_412,cordoba_lorica,Lorica,Ferretería y Pinturas El Faro,9.235401,-75.822316,ACTIVO,"Carrera 14E #14B-76, Lorica",Media,Pequeña,95,100,Alta,+573179374738,Córdoba,https://mock-ferromap.example/entity/412,A1,Ferreteria,969733692-8,65.9,media,Realizar seguimiento comercial.,"[""A1"",""A2""]"
caribe_entity_413,cordoba_lorica,Lorica,Ferrecentro Ribereña,9.231615,-75.815654,INACTIVO,"Calle 8 #21-28, Lorica",Media,Grande,58,63.8,Media,+573107417546,Córdoba,https://mock-ferromap.example/entity/413,A1,Ferreteria,960217173-1,53.1,media,Verificar reactivación del establecimiento.,"[""A1""]"
caribe_entity_414,cordoba_lorica,Lorica,Ferretería y Pinturas San Francisco,9.240025,-75.811003,ACTIVO,"Carrera 28 #19-86, Lorica",Media,Grande,75,65.9,Media,+573022128011,Córdoba,null,A3,Ferreteria,977773873-4,45.2,media,Fortalecer cobertura comercial.,"[""A3""]"
caribe_entity_415,cordoba_lorica,Lorica,Ferreeléctricos La Brisa,9.243120,-75.822402,ACTIVO,"Calle 18C #14-36, Lorica",Media,Mediana,69,84.4,Media,+573213994630,Córdoba,https://mock-ferromap.example/entity/415,A2,Ferreteria,953036641-4,48.9,media,Realizar seguimiento comercial.,"[""A2""]"
caribe_entity_416,cordoba_lorica,Lorica,Ferreeléctricos La Sabana,9.247411,-75.816342,ACTIVO,"Carrera 16 #25A-82, Lorica",Media,Pequeña,82,89.7,Alta,+573234444381,Córdoba,https://mock-ferromap.example/entity/416,A3,Ferreteria,949648937-0,62.2,media,Realizar seguimiento comercial.,"[""A3""]"
caribe_entity_417,cordoba_lorica,Lorica,Ferrecentro El Sinú,9.234859,-75.813677,ACTIVO,"Calle 13 #25A-61, Lorica",Media,Pequeña,91,97.0,Alta,+573128194449,Córdoba,https://mock-ferromap.example/entity/417,A1,Ferreteria,950656869-5,36.3,baja,Mantener seguimiento.,"[""A1"",""A2""]"
caribe_entity_418,cordoba_lorica,Lorica,Depósito Hermanos Fuentes,9.242369,-75.807705,INACTIVO,"Carrera 33A #22B-48, Lorica",Media,Pequeña,65,64.2,Media,+573104990274,Córdoba,https://mock-ferromap.example/entity/418,A3,Deposito,962048808-1,58.7,media,Verificar reactivación del establecimiento.,"[""A2"",""A3""]"
caribe_entity_419,cordoba_sahagun,Sahagún,Depósito de Materiales Del Sinú,8.942802,-75.442274,ACTIVO,"Calle 10 #15-46, Sahagún",Baja,Grande,79,80.6,Media,+573147488968,Córdoba,https://mock-ferromap.example/entity/419,A2,Deposito,975771625-8,30.2,baja,Mantener seguimiento.,"[""A2""]"
caribe_entity_420,cordoba_sahagun,Sahagún,Ferretería y Pinturas Cordobesa Sahagún,8.945036,-75.435925,ACTIVO,"Carrera 21 #16-68, Sahagún",Baja,Mediana,85,89.6,Alta,+573163132373,Córdoba,https://mock-ferromap.example/entity/420,A3,Ferreteria,946005782-6,38.7,baja,Mantener seguimiento.,"[""A3""]"
caribe_entity_421,cordoba_sahagun,Sahagún,Ferrecentro La Escuadra,8.939132,-75.443269,ACTIVO,"Calle 6 - Anillo Vial #14A-07, Sahagún",Baja,Mediana,62,53.2,Baja,+573224312937,Córdoba,null,A3,Ferreteria,965101498-9,57.1,media,Fortalecer cobertura comercial.,"[""A1"",""A3""]"
caribe_entity_422,cordoba_sahagun,Sahagún,Distribuciones El Rosario Sahagún,8.927046,-75.444828,ACTIVO,"Carrera 12 #3-58, Sahagún",Baja,Grande,85,90.5,Alta,+573049171007,Córdoba,https://mock-ferromap.example/entity/422,A1,Distribuidora,972676335-1,25.3,baja,Mantener seguimiento.,"[""A1"",""A2"",""A3""]"
caribe_entity_423,cordoba_sahagun,Sahagún,Ferreeléctricos Hermanos Villalobos,8.932784,-75.442795,ACTIVO,"Carrera 13 #2G-96, Sahagún",Baja,Pequeña,99,100,Alta,+573016431083,Córdoba,https://mock-ferromap.example/entity/423,A2,Ferreteria,951817245-5,27.0,baja,Mantener seguimiento.,"[""A2"",""A3""]"
caribe_entity_424,cordoba_sahagun,Sahagún,Depósito y Ferretería Marrugo y Cía,8.940829,-75.443410,VALIDAR,"Calle 7A #14-73, Sahagún",Baja,Mediana,52,61.2,Baja,+573504598803,Córdoba,https://mock-ferromap.example/entity/424,A3,Deposito,963510287-9,58.0,media,Validar información del establecimiento.,"[""A3""]"
caribe_entity_425,sucre_sincelejo,Sincelejo,Ferretería Polo y Cía,9.301311,-75.395664,ACTIVO,"Carrera 18 #22-44, Sincelejo",Media,Mediana,89,91.7,Alta,+573168918941,Sucre,null,A3,Ferreteria,964702119-8,76.8,alta,Realizar contacto comercial.,"[""A3""]"
caribe_entity_426,sucre_sincelejo,Sincelejo,Ferretería y Pinturas La 28,9.298903,-75.384870,ACTIVO,"Calle 28 #25A-96, Sincelejo",Media,Mediana,75,74.7,Media,+573000046258,Sucre,https://mock-ferromap.example/entity/426,A2,Ferreteria,945394986-5,32.5,baja,Mantener seguimiento.,"[""A2""]"
caribe_entity_427,sucre_sincelejo,Sincelejo,Ferretería y Pinturas Rada y Cía,9.271473,-75.405282,ACTIVO,"Carrera 4F #43-52, Sincelejo",Media,Pequeña,61,71.8,Media,+573048962245,Sucre,https://mock-ferromap.example/entity/427,A1,Ferreteria,972826694-3,41.8,media,Fortalecer cobertura comercial.,"[""A1""]"
caribe_entity_428,sucre_sincelejo,Sincelejo,Materiales El Cañaguate,9.303180,-75.393226,INACTIVO,"Carrera 21 #21-98, Sincelejo",Media,Mediana,64,65.8,Media,+573242945027,Sucre,https://mock-ferromap.example/entity/428,A1,Deposito,952292352-3,29.6,baja,Validar estado operativo del establecimiento.,"[""A1""]"
caribe_entity_429,sucre_sincelejo,Sincelejo,Depósito de Materiales Los Almendros,9.303445,-75.392576,ACTIVO,"Calle 21 #22-79, Sincelejo",Media,Grande,82,94.4,Alta,+573163176900,Sucre,https://mock-ferromap.example/entity/429,A1,Deposito,964183071-5,70.7,alta,Realizar contacto comercial.,"[""A1"",""A2""]"
caribe_entity_430,sucre_sincelejo,Sincelejo,Ferretería y Pinturas Santa Rita,9.302267,-75.394808,VALIDAR,"Calle 21 #19-90, Sincelejo",Media,Pequeña,74,75,Media,+573501688257,Sucre,https://mock-ferromap.example/entity/430,A1,Ferreteria,950351441-7,71.8,alta,Validar información y agendar contacto comercial.,"[""A1"",""A3""]"
caribe_entity_431,sucre_sincelejo,Sincelejo,Distribuciones La 25,9.299952,-75.386536,ACTIVO,"Carrera 25 #28-52, Sincelejo",Media,Grande,86,72.0,Media,+573046750741,Sucre,null,A1,Distribuidora,946991687-2,90.8,alta,Evaluar potencial de expansión.,"[""A1"",""A3""]"
caribe_entity_432,sucre_sincelejo,Sincelejo,Ferretería y Pinturas La 17,9.302370,-75.396283,VALIDAR,"Carrera 17 #21-74, Sincelejo",Media,Pequeña,30,20.6,Baja,+573161197494,Sucre,https://mock-ferromap.example/entity/432,A3,Ferreteria,945956941-7,53.1,media,Validar información del establecimiento.,"[""A3""]"
caribe_entity_433,sucre_sincelejo,Sincelejo,Ferreeléctricos El Trébol Sincelejo,9.285078,-75.381248,ACTIVO,"Carrera 17D #42H-47, Sincelejo",Media,Mediana,86,94.4,Alta,+573239231536,Sucre,https://mock-ferromap.example/entity/433,A1,Ferreteria,963052416-7,60.7,media,Realizar seguimiento comercial.,"[""A1"",""A2""]"
caribe_entity_434,sucre_sincelejo,Sincelejo,Distribuidora Ferretera Doña Carmen,9.304586,-75.392545,ACTIVO,"Carrera 23 #19-94, Sincelejo",Media,Mediana,71,77.9,Media,+573102096705,Sucre,https://mock-ferromap.example/entity/434,A3,Distribuidora,978814437-7,48.3,media,Realizar seguimiento comercial.,"[""A1"",""A3""]"
caribe_entity_435,sucre_sincelejo,Sincelejo,Ferretería y Pinturas Las Sabanas,9.302093,-75.394073,ACTIVO,"Carrera 20 #22-88, Sincelejo",Media,Pequeña,76,75.4,Media,+573025817639,Sucre,null,A3,Ferreteria,972307249-2,52.8,media,Realizar seguimiento comercial.,"[""A3""]"
caribe_entity_436,sucre_sincelejo,Sincelejo,Ferreeléctricos Del Norte,9.289918,-75.393721,ACTIVO,"Carrera 16 #36-98, Sincelejo",Media,Mediana,82,68.0,Media,+573182991225,Sucre,null,A1,Ferreteria,959029149-4,49.2,media,Fortalecer cobertura comercial.,"[""A1""]"
caribe_entity_437,sucre_sincelejo,Sincelejo,Ferretería El Carmen Sincelejo,9.300163,-75.395797,ACTIVO,"Calle 24 #17-55, Sincelejo",Media,Pequeña,78,64.9,Media,+573134487098,Sucre,null,A3,Ferreteria,970703754-1,46.5,media,Fortalecer cobertura comercial.,"[""A2"",""A3""]"
caribe_entity_438,sucre_sincelejo,Sincelejo,Depósito y Ferretería Buenos Aires,9.313585,-75.387607,INACTIVO,"Carrera 32 #8-36, Sincelejo",Media,Mediana,78,75,Media,+573014616332,Sucre,null,A3,Deposito,951195582-1,49.1,media,Verificar reactivación del establecimiento.,"[""A1"",""A3""]"
caribe_entity_439,sucre_sincelejo,Sincelejo,Depósito y Ferretería La 23,9.301917,-75.391458,INACTIVO,"Calle 23 #23-15, Sincelejo",Media,Grande,65,73.4,Media,+573502585856,Sucre,https://mock-ferromap.example/entity/439,A2,Deposito,953504901-2,15.7,baja,Validar estado operativo del establecimiento.,"[""A2"",""A3""]"
caribe_entity_440,sucre_sincelejo,Sincelejo,Materiales La 2M Sincelejo,9.317964,-75.383439,VALIDAR,"Calle 2M #34-18, Sincelejo",Media,Grande,58,68.5,Media,+573019915910,Sucre,https://mock-ferromap.example/entity/440,A2,Deposito,975365892-7,42.4,media,Validar información del establecimiento.,"[""A1"",""A2"",""A3""]"
caribe_entity_441,sucre_sincelejo,Sincelejo,Ferrecentro La 27 Sincelejo,9.314097,-75.388809,INACTIVO,"Carrera 27 #5A-84, Sincelejo",Media,Mediana,69,75,Media,+573197166609,Sucre,https://mock-ferromap.example/entity/441,A1,Ferreteria,968745471-5,32.0,baja,Validar estado operativo del establecimiento.,"[""A1"",""A3""]"
caribe_entity_442,sucre_sincelejo,Sincelejo,Ferreeléctricos La 23,9.300976,-75.394566,INACTIVO,"Calle 23 #19-41, Sincelejo",Media,Mediana,78,69.6,Media,+573125829610,Sucre,null,A2,Ferreteria,950633746-9,42.4,media,Verificar reactivación del establecimiento.,"[""A2""]"
caribe_entity_443,sucre_sincelejo,Sincelejo,Ferretería Hermanos Gutiérrez,9.291079,-75.392197,ACTIVO,"Carrera 16D #36-96, Sincelejo",Media,Pequeña,67,67.9,Media,+573049061370,Sucre,https://mock-ferromap.example/entity/443,A3,Ferreteria,955543517-0,51.8,media,Fortalecer cobertura comercial.,"[""A3""]"
caribe_entity_444,sucre_sincelejo,Sincelejo,Depósito La 25A,9.302266,-75.385804,ACTIVO,"Calle 25A #25B-19, Sincelejo",Media,Pequeña,96,85.4,Alta,+573222761422,Sucre,null,A3,Deposito,978132433-0,52.7,media,Realizar seguimiento comercial.,"[""A2"",""A3""]"
caribe_entity_445,sucre_sincelejo,Sincelejo,Distribuidora Ferretera Pertuz y Cía Sincelejo,9.314941,-75.389212,VALIDAR,"Calle 5A #26-41, Sincelejo",Media,Grande,61,60.7,Media,+573026763461,Sucre,https://mock-ferromap.example/entity/445,A1,Distribuidora,979307597-6,32.5,baja,Validar información del establecimiento.,"[""A1""]"
caribe_entity_446,sucre_sincelejo,Sincelejo,Ferretería La 16D,9.290263,-75.391778,ACTIVO,"Carrera 16D #36-33, Sincelejo",Media,Pequeña,78,81.2,Media,+573186658138,Sucre,https://mock-ferromap.example/entity/446,A1,Ferreteria,949218304-4,58.8,media,Realizar seguimiento comercial.,"[""A1""]"
caribe_entity_447,sucre_sincelejo,Sincelejo,Depósito de Materiales Las Sabanas,9.301444,-75.391827,VALIDAR,"Carrera 22 #23-07, Sincelejo",Media,Pequeña,67,58.2,Media,+573140938703,Sucre,null,A2,Deposito,965576256-1,41.6,media,Validar información del establecimiento.,"[""A2"",""A3""]"
caribe_entity_448,sucre_sincelejo,Sincelejo,Ferrecentro La 20,9.303381,-75.393882,ACTIVO,"Calle 20 #20-88, Sincelejo",Media,Pequeña,78,68.7,Media,+573180321735,Sucre,null,A3,Ferreteria,979177429-8,52.3,media,Fortalecer cobertura comercial.,"[""A3""]"
caribe_entity_449,sucre_sincelejo,Sincelejo,Ferrecentro Nueva Era,9.275187,-75.407621,ACTIVO,"Calle 39 #4G-57, Sincelejo",Media,Mediana,77,76.6,Media,+573191523137,Sucre,https://mock-ferromap.example/entity/449,A1,Ferreteria,965532369-6,36.6,baja,Mantener seguimiento.,"[""A1""]"
caribe_entity_450,sucre_sincelejo,Sincelejo,Ferretería y Pinturas Horizonte Sincelejo,9.314372,-75.389291,VALIDAR,"Carrera 26 #5A-21, Sincelejo",Media,Pequeña,78,75,Media,+573208406849,Sucre,https://mock-ferromap.example/entity/450,A1,Ferreteria,961028289-1,45.7,media,Validar información del establecimiento.,"[""A1"",""A3""]"
caribe_entity_451,sucre_sincelejo,Sincelejo,Materiales Hermanos Epieyú,9.315994,-75.378529,ACTIVO,"Calle 23 #48F-27, Sincelejo",Media,Pequeña,79,66.1,Media,+573180057735,Sucre,null,A1,Deposito,954798723-2,65.7,media,Fortalecer cobertura comercial.,"[""A1""]"
caribe_entity_452,sucre_sincelejo,Sincelejo,Ferretería La Mojana,9.299326,-75.395223,VALIDAR,"Calle 25 #18-96, Sincelejo",Media,Pequeña,68,66.3,Media,+573148580846,Sucre,null,A1,Ferreteria,965489116-6,54.4,media,Validar información del establecimiento.,"[""A1""]"
caribe_entity_453,sucre_corozal,Corozal,Ferretería y Pinturas Sucreña,9.323697,-75.297055,ACTIVO,"Carrera 21E #40A-09, Corozal",Baja,Pequeña,80,91.6,Alta,+573139184369,Sucre,https://mock-ferromap.example/entity/453,A3,Ferreteria,956710765-0,30.4,baja,Mantener seguimiento.,"[""A2"",""A3""]"
caribe_entity_454,sucre_corozal,Corozal,Ferreeléctricos Sabanera,9.323164,-75.297985,ACTIVO,"Carrera 21B #40A-57, Corozal",Baja,Mediana,82,90.2,Alta,+573193426148,Sucre,https://mock-ferromap.example/entity/454,A1,Ferreteria,972815539-2,29.8,baja,Mantener seguimiento.,"[""A1"",""A3""]"
caribe_entity_455,sucre_corozal,Corozal,Ferretería El Rosario,9.323420,-75.301320,ACTIVO,"Calle 40B #19A-43, Corozal",Baja,Mediana,94,90.1,Alta,+573141781467,Sucre,https://mock-ferromap.example/entity/455,A3,Ferreteria,943697770-5,16.1,baja,Mantener seguimiento.,"[""A1"",""A3""]"
caribe_entity_456,sucre_corozal,Corozal,Comercializadora La Plomada,9.324369,-75.295549,ACTIVO,"Carrera 21H #40F-66, Corozal",Baja,Mediana,98,100,Alta,+573501571093,Sucre,null,A1,Distribuidora,956151842-0,42.5,media,Realizar seguimiento comercial.,"[""A1""]"
caribe_entity_457,sucre_corozal,Corozal,Materiales El Faro,9.326803,-75.296857,ACTIVO,"Carrera 21D #24-75, Corozal",Baja,Mediana,81,72.3,Media,+573015681172,Sucre,null,A1,Deposito,961095665-1,52.2,media,Fortalecer cobertura comercial.,"[""A1"",""A3""]"
caribe_entity_458,sucre_corozal,Corozal,Ferretería y Pinturas La Ceiba,9.322223,-75.300660,ACTIVO,"Calle 38 #19A-48, Corozal",Baja,Pequeña,84,87.3,Alta,+573015045914,Sucre,https://mock-ferromap.example/entity/458,A2,Ferreteria,946973491-1,26.2,baja,Mantener seguimiento.,"[""A2""]"
caribe_entity_459,sucre_san_marcos,San Marcos,Distribuciones La Palma,8.662507,-75.141045,VALIDAR,"Calle 19 #15-56, San Marcos",Baja,Grande,59,60.4,Baja,+573101932786,Sucre,https://mock-ferromap.example/entity/459,A3,Distribuidora,951149754-6,79.0,alta,Validar información y agendar contacto comercial.,"[""A2"",""A3""]"
caribe_entity_460,sucre_san_marcos,San Marcos,Ferretería Hermanos Ospino,8.664282,-75.140493,INACTIVO,"Calle 22 #14-70, San Marcos",Baja,Mediana,57,48.5,Baja,+573126007251,Sucre,null,A2,Ferreteria,946140981-2,25.5,baja,Validar estado operativo del establecimiento.,"[""A2""]"
caribe_entity_461,sucre_san_marcos,San Marcos,Comercializadora La 23,8.665754,-75.146429,VALIDAR,"Calle 23 #10-33, San Marcos",Baja,Mediana,50,57.1,Baja,+573197334566,Sucre,https://mock-ferromap.example/entity/461,A1,Distribuidora,958470089-6,64.6,media,Validar información del establecimiento.,"[""A1"",""A3""]"
caribe_entity_462,sucre_san_marcos,San Marcos,Depósito La Plomada,8.663923,-75.144544,VALIDAR,"Calle 18E #11a-15, San Marcos",Baja,Mediana,59,54.9,Baja,+573127793776,Sucre,null,A2,Deposito,969058209-8,47.7,media,Validar información del establecimiento.,"[""A2"",""A3""]"
caribe_entity_463,sucre_san_marcos,San Marcos,Ferretería El Pelícano,8.656097,-75.129764,ACTIVO,"Calle 14 #28-88, San Marcos",Baja,Mediana,83,80.1,Alta,+573206732873,Sucre,null,A1,Ferreteria,973539807-1,70.2,alta,Realizar contacto comercial.,"[""A1""]"
caribe_entity_464,guajira_riohacha,Riohacha,Comercializadora El Triunfo,11.529287,-72.928970,ACTIVO,"Calle 28 #29-08, Riohacha",Media,Mediana,80,87.7,Alta,+573237075930,La Guajira,https://mock-ferromap.example/entity/464,A1,Distribuidora,963295009-5,59.9,media,Realizar seguimiento comercial.,"[""A1""]"
caribe_entity_465,guajira_riohacha,Riohacha,Ferretería La 11A,11.527979,-72.909377,ACTIVO,"Carrera 11A #34B-74, Riohacha",Media,Grande,71,76.7,Media,+573003090032,La Guajira,https://mock-ferromap.example/entity/465,A1,Ferreteria,966309355-2,22.5,baja,Mantener seguimiento.,"[""A1"",""A3""]"
caribe_entity_466,guajira_riohacha,Riohacha,Ferrecentro El Cemento,11.535386,-72.922903,ACTIVO,"Carrera 22 #15-29, Riohacha",Media,Mediana,99,88.2,Alta,+573226089650,La Guajira,null,A3,Ferreteria,965868282-7,36.8,baja,Mantener seguimiento.,"[""A3""]"
caribe_entity_467,guajira_riohacha,Riohacha,Ferretería y Pinturas Wayuu Riohacha,11.519684,-72.903964,ACTIVO,"Calle 48 #7-11, Riohacha",Media,Pequeña,84,98.5,Alta,+573173810407,La Guajira,https://mock-ferromap.example/entity/467,A1,Ferreteria,943468770-3,70.5,alta,Realizar contacto comercial.,"[""A1""]"
caribe_entity_468,guajira_riohacha,Riohacha,Ferretería y Pinturas Los Pinos,11.527140,-72.908017,ACTIVO,"Carrera 10A #35-76, Riohacha",Media,Pequeña,73,78.2,Media,+573125987278,La Guajira,https://mock-ferromap.example/entity/468,A1,Ferreteria,967144880-1,37.1,baja,Mantener seguimiento.,"[""A1"",""A3""]"
caribe_entity_469,guajira_riohacha,Riohacha,Ferretería Hermanos Cantillo,11.547470,-72.905035,ACTIVO,"Calle 12 #3-64, Riohacha",Media,Mediana,81,70.2,Media,+573227464167,La Guajira,null,A3,Ferreteria,960633145-9,48.9,media,Fortalecer cobertura comercial.,"[""A3""]"
caribe_entity_470,guajira_riohacha,Riohacha,Ferretería Hermanos Rada,11.509314,-72.912131,ACTIVO,"Carrera 12C #69-94, Riohacha",Media,Pequeña,62,64.0,Media,+573519337230,La Guajira,https://mock-ferromap.example/entity/470,A1,Ferreteria,959779976-6,43.5,media,Fortalecer cobertura comercial.,"[""A1""]"
caribe_entity_471,guajira_riohacha,Riohacha,Ferrecentro Hermanos Pinedo,11.539141,-72.904819,VALIDAR,"Calle 19 #7h-19, Riohacha",Media,Grande,55,45.8,Baja,+573144305801,La Guajira,null,A1,Ferreteria,951254255-1,57.1,media,Validar información del establecimiento.,"[""A1"",""A3""]"
caribe_entity_472,guajira_riohacha,Riohacha,Ferretería La Unión,11.533495,-72.902059,ACTIVO,"Calle 27A #7C-50, Riohacha",Media,Mediana,95,100,Alta,+573003442714,La Guajira,https://mock-ferromap.example/entity/472,A3,Ferreteria,978632198-1,50.5,media,Realizar seguimiento comercial.,"[""A3""]"
caribe_entity_473,guajira_riohacha,Riohacha,Ferretería Cabo de la Vela,11.542319,-72.929816,ACTIVO,"Calle 11B #27-27, Riohacha",Media,Pequeña,73,72.7,Media,+573004635005,La Guajira,https://mock-ferromap.example/entity/473,A1,Ferreteria,962449272-5,42.7,media,Fortalecer cobertura comercial.,"[""A1""]"
caribe_entity_474,guajira_riohacha,Riohacha,Ferretería y Pinturas La Primavera Riohacha,11.528718,-72.899678,INACTIVO,"Calle 35 #7A-85, Riohacha",Media,Pequeña,58,57.7,Baja,+573015089821,La Guajira,null,A3,Ferreteria,956907728-5,32.2,baja,Validar estado operativo del establecimiento.,"[""A1"",""A2"",""A3""]"
caribe_entity_475,guajira_riohacha,Riohacha,Ferrecentro Las Delicias,11.542197,-72.914326,INACTIVO,"Calle 14A #12A-38, Riohacha",Media,Mediana,55,64.9,Baja,+573214923261,La Guajira,https://mock-ferromap.example/entity/475,A1,Ferreteria,948907001-0,53.7,media,Verificar reactivación del establecimiento.,"[""A1"",""A3""]"
caribe_entity_476,guajira_riohacha,Riohacha,Ferrecentro La 22,11.535087,-72.912370,VALIDAR,"Calle 22 #12B-68, Riohacha",Media,Mediana,62,60.2,Media,+573138209215,La Guajira,null,A1,Ferreteria,958981999-6,84.1,alta,Validar información y agendar contacto comercial.,"[""A1"",""A3""]"
caribe_entity_477,guajira_riohacha,Riohacha,Ferretería La Ceiba,11.518503,-72.916468,ACTIVO,"Carrera 14 #51-25, Riohacha",Media,Pequeña,65,73.0,Media,+573042614170,La Guajira,https://mock-ferromap.example/entity/477,A3,Ferreteria,966797168-3,57.9,media,Fortalecer cobertura comercial.,"[""A2"",""A3""]"
caribe_entity_478,guajira_riohacha,Riohacha,Materiales La Ceiba,11.515198,-72.913033,ACTIVO,"Calle 56A #12D-71, Riohacha",Media,Grande,81,99.1,Alta,+573230089031,La Guajira,https://mock-ferromap.example/entity/478,A3,Deposito,974937591-7,70.5,alta,Realizar contacto comercial.,"[""A3""]"
caribe_entity_479,guajira_riohacha,Riohacha,Ferretería y Pinturas Los Pinos Riohacha,11.536624,-72.900509,ACTIVO,"Calle 23 #6-46, Riohacha",Media,Mediana,69,76.4,Media,+573138427812,La Guajira,https://mock-ferromap.example/entity/479,A3,Ferreteria,956187913-0,55.5,media,Realizar seguimiento comercial.,"[""A1"",""A3""]"
caribe_entity_480,guajira_maicao,Maicao,Distribuidora El Carmen,11.383921,-72.224901,ACTIVO,"Carrera 2A Este #18-43, Maicao",Alta,Grande,96,100,Alta,+573176516910,La Guajira,https://mock-ferromap.example/entity/480,A2,Distribuidora,978117745-0,87.4,alta,Evaluar potencial de expansión.,"[""A2""]"
caribe_entity_481,guajira_maicao,Maicao,Materiales El Tornillo,11.388258,-72.231363,VALIDAR,"Calle 23 #2A-64, Maicao",Alta,Pequeña,54,62.8,Baja,+573113702529,La Guajira,https://mock-ferromap.example/entity/481,A3,Deposito,971654638-8,52.3,media,Validar información del establecimiento.,"[""A3""]"
caribe_entity_482,guajira_maicao,Maicao,Depósito de Materiales Del Norte,11.366043,-72.230158,ACTIVO,"Calle 3 Sur #4-68, Maicao",Alta,Pequeña,99,100,Alta,+573049987240,La Guajira,https://mock-ferromap.example/entity/482,A3,Deposito,969636810-5,81.0,alta,Priorizar activación comercial.,"[""A3""]"
caribe_entity_483,guajira_maicao,Maicao,Materiales San José,11.373561,-72.233800,ACTIVO,"Calle 6 #7-65, Maicao",Alta,Mediana,85,82.0,Alta,+573125626857,La Guajira,null,A2,Deposito,966255763-0,74.5,alta,Priorizar activación comercial.,"[""A2""]"
caribe_entity_484,guajira_maicao,Maicao,Depósito La 7,11.373912,-72.237094,ACTIVO,"Calle 7 #11-65, Maicao",Alta,Grande,68,79.5,Media,+573191744328,La Guajira,https://mock-ferromap.example/entity/484,A2,Deposito,952116157-0,77.8,alta,Priorizar activación comercial.,"[""A1"",""A2""]"
caribe_entity_485,guajira_maicao,Maicao,Distribuciones La Unión,11.365683,-72.251042,VALIDAR,"Calle 1D #27-11, Maicao",Alta,Grande,72,75,Media,+573123446191,La Guajira,https://mock-ferromap.example/entity/485,A3,Distribuidora,973235493-7,96.6,alta,Validar información y agendar contacto comercial.,"[""A2"",""A3""]"
caribe_entity_486,guajira_maicao,Maicao,Ferretería Guajira Maicao,11.384065,-72.230410,ACTIVO,"Calle 18 #2A-23, Maicao",Alta,Pequeña,79,81.6,Alta,+573042625016,La Guajira,https://mock-ferromap.example/entity/486,A1,Ferreteria,945026840-1,56.9,media,Realizar seguimiento comercial.,"[""A1""]"
caribe_entity_487,guajira_maicao,Maicao,Depósito y Ferretería El Oasis,11.382300,-72.269274,ACTIVO,"Calle 17A #51-06, Maicao",Alta,Mediana,83,92.0,Alta,+573234701987,La Guajira,https://mock-ferromap.example/entity/487,A3,Deposito,953027669-1,51.4,media,Realizar seguimiento comercial.,"[""A3""]"
caribe_entity_488,guajira_maicao,Maicao,Distribuidora Ferretera La Guacamaya,11.366706,-72.251021,VALIDAR,"Carrera 27 #1D-94, Maicao",Alta,Mediana,69,70.2,Media,+573157410983,La Guajira,null,A1,Distribuidora,944356743-7,87.6,alta,Validar información y agendar contacto comercial.,"[""A1"",""A3""]"
caribe_entity_489,guajira_maicao,Maicao,Ferretería Hermanos Bula,11.369506,-72.245353,ACTIVO,"Carrera 20 #4-49, Maicao",Alta,Mediana,78,68.0,Media,+573025657899,La Guajira,null,A2,Ferreteria,957925696-8,52.1,media,Fortalecer cobertura comercial.,"[""A2""]"
caribe_entity_490,guajira_maicao,Maicao,Depósito y Ferretería La 1C,11.369080,-72.225222,ACTIVO,"Calle 1C #1B-76, Maicao",Alta,Pequeña,98,100,Alta,+573161845312,La Guajira,https://mock-ferromap.example/entity/490,A1,Deposito,956534026-1,60.2,media,Realizar seguimiento comercial.,"[""A1""]"
caribe_entity_491,guajira_maicao,Maicao,Materiales La 18,11.380631,-72.247543,INACTIVO,"Calle 18 #20-83, Maicao",Alta,Mediana,65,60.0,Media,+573107998047,La Guajira,null,A2,Deposito,970073703-1,45.8,media,Verificar reactivación del establecimiento.,"[""A2""]"
caribe_entity_492,guajira_maicao,Maicao,Depósito y Ferretería El Cacique Maicao,11.377736,-72.261503,ACTIVO,"Calle 15 C #40-17, Maicao",Alta,Grande,89,94.8,Alta,+573518793953,La Guajira,https://mock-ferromap.example/entity/492,A3,Deposito,945252915-3,67.7,media,Realizar seguimiento comercial.,"[""A3""]"
caribe_entity_493,guajira_uribia,Uribia,Ferrecentro La Península,11.718867,-72.267901,ACTIVO,"Diagonal 6 #9-61, Uribia",Baja,Pequeña,96,91.2,Alta,+573208166295,La Guajira,null,A3,Ferreteria,955603555-9,44.2,media,Realizar seguimiento comercial.,"[""A1"",""A3""]"
caribe_entity_494,guajira_uribia,Uribia,Depósito Guajira,11.723193,-72.266489,ACTIVO,"Calle 6 #8-98, Uribia",Baja,Grande,88,92.8,Alta,+573503140939,La Guajira,https://mock-ferromap.example/entity/494,A3,Deposito,956286490-1,65.4,media,Realizar seguimiento comercial.,"[""A1"",""A2"",""A3""]"
caribe_entity_495,guajira_uribia,Uribia,Depósito y Ferretería El Progreso Uribia,11.719494,-72.260203,INACTIVO,"Carrera 17 #9-36, Uribia",Baja,Mediana,54,53.8,Baja,+573172322173,La Guajira,null,A3,Deposito,968446395-0,19.6,baja,Validar estado operativo del establecimiento.,"[""A1"",""A2"",""A3""]"
caribe_entity_496,guajira_uribia,Uribia,Distribuciones Hermanos Doria,11.711870,-72.257427,ACTIVO,"Calle 14 #30-22, Uribia",Baja,Pequeña,87,90.7,Alta,+573056879439,La Guajira,https://mock-ferromap.example/entity/496,A3,Distribuidora,971906156-2,54.6,media,Realizar seguimiento comercial.,"[""A3""]"
caribe_entity_497,guajira_fonseca,Fonseca,Comercializadora Los Cocos,10.890173,-72.845160,ACTIVO,"Carrera 13 #13-21, Fonseca",Baja,Grande,88,92.0,Alta,+573115052863,La Guajira,https://mock-ferromap.example/entity/497,A3,Distribuidora,945873514-8,75.3,alta,Evaluar potencial de expansión.,"[""A3""]"
caribe_entity_498,guajira_fonseca,Fonseca,Depósito La 26,10.882829,-72.836786,ACTIVO,"Calle 26 #9-25, Fonseca",Baja,Mediana,84,73.2,Media,+573247263580,La Guajira,null,A3,Deposito,974928338-1,48.9,media,Fortalecer cobertura comercial.,"[""A3""]"
caribe_entity_499,guajira_fonseca,Fonseca,Ferretería La Bendición,10.887728,-72.848986,ACTIVO,"Calle 15 #16-07, Fonseca",Baja,Pequeña,82,74.3,Media,+573514968894,La Guajira,null,A1,Ferreteria,946740529-0,22.6,baja,Mantener seguimiento.,"[""A1"",""A2""]"
caribe_entity_500,guajira_fonseca,Fonseca,Depósito de Materiales La 16,10.887936,-72.843954,ACTIVO,"Calle 16 #12-11, Fonseca",Baja,Grande,74,80.7,Media,+573172345162,La Guajira,https://mock-ferromap.example/entity/500,A1,Deposito,943210056-4,74.8,alta,Realizar contacto comercial.,"[""A1"",""A3""]"
